drug_id,disease_id,drug_idx,disease_idx
CHEMBL1200656,EFO_1001888,0,6901
CHEMBL1201746,EFO_0000211,1,5904
CHEMBL1231,HP_0000103,2,5868
CHEMBL1231,EFO_1000781,2,8862
CHEMBL2023898,EFO_0004220,5,8253
CHEMBL1091,EFO_0009552,17,6804
CHEMBL1091,EFO_1001888,17,6901
CHEMBL2308885,EFO_1001888,23,6901
CHEMBL24147,EFO_1001888,24,6901
CHEMBL24147,EFO_0003894,24,7494
CHEMBL364713,HP_0012735,27,5422
CHEMBL762,HP_0001742,30,5455
CHEMBL87493,Orphanet_33069,31,10643
CHEMBL112,HP_0100607,34,5750
CHEMBL112,EFO_0010072,34,7946
CHEMBL112,EFO_0007214,34,8774
CHEMBL141,EFO_0000180,37,6410
CHEMBL141,EFO_0004239,37,8857
CHEMBL204656,EFO_0000180,40,6410
CHEMBL2110805,HP_0000103,44,5868
CHEMBL1201460,HP_0004419,54,4859
CHEMBL1201460,EFO_0003907,54,7910
CHEMBL1201666,HP_0004419,56,4859
CHEMBL1504,EFO_0003956,61,8145
CHEMBL1504,EFO_0004274,61,8202
CHEMBL1504,EFO_1001896,61,9210
CHEMBL1742996,Orphanet_163927,65,12649
CHEMBL2108222,HP_0004419,66,4859
CHEMBL2336071,EFO_0003929,67,9538
CHEMBL1051,EFO_1001069,73,9043
CHEMBL1201185,EFO_1001485,74,9551
CHEMBL1201476,HP_0004419,75,4859
CHEMBL1201476,EFO_0003907,75,7910
CHEMBL1286,HP_0002069,76,6013
CHEMBL1433,EFO_0003894,78,7494
CHEMBL1433,EFO_1000760,78,9075
CHEMBL2108147,HP_0004419,80,4859
CHEMBL218490,EFO_1001069,82,9043
CHEMBL259209,EFO_0005687,83,7323
CHEMBL702,EFO_0007149,89,7973
CHEMBL702,EFO_1001459,89,8085
CHEMBL702,EFO_1001312,89,9028
CHEMBL71752,EFO_0003888,90,8694
CHEMBL1200878,HP_0001742,95,5455
CHEMBL1200878,HP_0006536,95,6113
CHEMBL1200878,EFO_0009552,95,6804
CHEMBL1200878,EFO_1001888,95,6901
CHEMBL1201173,EFO_1001888,97,6901
CHEMBL1201833,EFO_0003898,99,8126
CHEMBL1518,HP_0000820,101,6545
CHEMBL1536,HP_0002148,102,4972
CHEMBL1572,EFO_1001888,104,6901
CHEMBL1615438,HP_0001742,106,5455
CHEMBL1983350,Orphanet_33069,107,10643
CHEMBL832,EFO_0004274,117,8202
CHEMBL1200640,EFO_0001070,120,5191
CHEMBL1200640,HP_0001891,120,6462
CHEMBL1200969,EFO_0000284,122,6655
CHEMBL1950576,EFO_1001888,127,6901
CHEMBL2010507,HP_0006536,129,6113
CHEMBL354541,Orphanet_391665,130,10395
CHEMBL636,HP_0000726,136,6059
CHEMBL788,EFO_1001888,138,6901
CHEMBL88055,HP_0006536,140,6113
CHEMBL1095607,HP_0006536,141,6113
CHEMBL1200668,HP_0002901,143,5065
CHEMBL1201632,Orphanet_77261,148,11232
CHEMBL1201632,Orphanet_77259,148,11490
CHEMBL2108078,HP_0002901,151,5065
CHEMBL384467,HP_0001094,155,4858
CHEMBL384467,HP_0012424,155,5421
CHEMBL384467,HP_0001742,155,5455
CHEMBL384467,EFO_0009552,155,6804
CHEMBL384467,EFO_1001888,155,6901
CHEMBL384467,EFO_0004276,155,6920
CHEMBL384467,EFO_0003894,155,7494
CHEMBL384467,EFO_1000941,155,7835
CHEMBL384467,EFO_1001194,155,8123
CHEMBL384467,EFO_0003898,155,8126
CHEMBL384467,EFO_0003956,155,8145
CHEMBL384467,EFO_0004274,155,8202
CHEMBL384467,EFO_0007141,155,8382
CHEMBL384467,EFO_0007160,155,8454
CHEMBL384467,EFO_0007520,155,8564
CHEMBL384467,EFO_1000039,155,8783
CHEMBL384467,EFO_0009456,155,8806
CHEMBL384467,EFO_0007257,155,8859
CHEMBL384467,EFO_1000694,155,9025
CHEMBL384467,EFO_0007403,155,9119
CHEMBL384467,EFO_1000997,155,9190
CHEMBL384467,EFO_1001896,155,9210
CHEMBL384467,EFO_1001051,155,9302
CHEMBL384467,EFO_1001205,155,9435
CHEMBL384467,EFO_1001494,155,9448
CHEMBL809,MONDO_0002009,158,5268
CHEMBL1199324,EFO_0004888,159,7986
CHEMBL1199324,EFO_0006911,159,9503
CHEMBL1266,HP_0001742,163,5455
CHEMBL1900528,HP_0006536,165,6113
CHEMBL1900528,EFO_0006505,165,8441
CHEMBL22108,HP_0000989,167,6199
CHEMBL24,EFO_0003913,169,9586
CHEMBL24778,EFO_0000284,170,6655
CHEMBL1200370,EFO_0003894,182,7494
CHEMBL134,EFO_0003888,185,8694
CHEMBL2364655,Orphanet_391665,187,10395
CHEMBL3989986,Orphanet_447,189,11085
CHEMBL493,EFO_1001485,190,9551
CHEMBL611,EFO_0000284,192,6655
CHEMBL1043,EFO_0003894,193,7494
CHEMBL1200963,EFO_1001069,194,9043
CHEMBL1200963,Orphanet_55654,194,12805
CHEMBL1201265,EFO_0003894,196,7494
CHEMBL1364144,EFO_1000941,198,7835
CHEMBL294199,HP_0002829,205,6156
CHEMBL294199,EFO_1000941,205,7835
CHEMBL294199,EFO_0005762,205,8112
CHEMBL3,EFO_0003768,206,6153
CHEMBL423,EFO_1001069,209,9043
CHEMBL705,HP_0000964,212,6598
CHEMBL1493,HP_0000103,216,5868
CHEMBL1508,MONDO_0002009,217,5268
CHEMBL1517,EFO_1001888,218,6901
CHEMBL218394,EFO_0004220,224,8253
CHEMBL1201513,HP_0004419,232,4859
CHEMBL1201828,Orphanet_447,233,11085
CHEMBL198362,HP_0004419,236,4859
CHEMBL198362,EFO_0003907,236,7910
CHEMBL3301594,EFO_0000180,240,6410
CHEMBL1201064,EFO_0009552,248,6804
CHEMBL1201064,EFO_1001888,248,6901
CHEMBL1201064,EFO_0003894,248,7494
CHEMBL1201724,EFO_1001888,250,6901
CHEMBL1201863,HP_0100633,251,4712
CHEMBL1384,EFO_1001888,254,6901
CHEMBL1450,EFO_0007448,255,9395
CHEMBL1743041,EFO_1000785,259,8922
CHEMBL1743041,EFO_1001051,259,9302
CHEMBL264241,EFO_1001282,263,8068
CHEMBL31,EFO_1001888,264,6901
CHEMBL3989751,EFO_1001888,269,6901
CHEMBL454446,HP_0011110,270,5849
CHEMBL454446,EFO_0006505,270,8441
CHEMBL643,HP_0000989,274,6199
CHEMBL679,HP_0001742,275,5455
CHEMBL679,HP_0006536,275,6113
CHEMBL679,EFO_0004278,275,7006
CHEMBL679,EFO_0003956,275,8145
CHEMBL119423,EFO_0004274,280,8202
CHEMBL1435,EFO_0003830,284,7813
CHEMBL2105689,EFO_0007510,286,7063
CHEMBL539697,HP_0004419,291,4859
CHEMBL539697,EFO_0003907,291,7910
CHEMBL1201583,EFO_0003016,294,5231
CHEMBL1201583,EFO_0000335,294,5671
CHEMBL1742982,EFO_0004683,299,7620
CHEMBL2105720,EFO_0004274,300,8202
CHEMBL2105720,EFO_0009104,300,8427
CHEMBL2362016,EFO_0000224,302,5686
CHEMBL3545363,EFO_0004220,305,8253
CHEMBL56367,HP_0002829,307,6156
CHEMBL6622,EFO_0009552,312,6804
CHEMBL836,EFO_0000284,314,6655
CHEMBL1349,EFO_0007204,320,9118
CHEMBL1349,EFO_0007282,320,9441
CHEMBL1349,EFO_1001347,320,9482
CHEMBL582,EFO_0003898,327,8126
CHEMBL582,EFO_1001485,327,9551
CHEMBL1201201,EFO_0003888,330,8694
CHEMBL13,EFO_0003913,333,9586
CHEMBL461101,EFO_0007160,342,8454
CHEMBL461101,EFO_0006927,342,9337
CHEMBL477,EFO_1001450,344,7952
CHEMBL477,EFO_0009493,344,9427
CHEMBL1200929,EFO_0001070,346,5191
CHEMBL1200929,HP_0001891,346,6462
CHEMBL1201313,HP_0012735,347,5422
CHEMBL1430,Orphanet_905,350,13496
CHEMBL1491,HP_0003124,351,5907
CHEMBL1491,EFO_1000013,351,9293
CHEMBL1491,EFO_0003913,351,9586
CHEMBL2095212,HP_0000103,357,5868
CHEMBL2095212,EFO_1000781,357,8862
CHEMBL2103830,EFO_0007160,358,8454
CHEMBL2103870,Orphanet_586,359,12021
CHEMBL278172,HP_0000989,361,6199
CHEMBL278172,EFO_0009552,361,6804
CHEMBL779,HP_0000802,365,4482
CHEMBL779,EFO_0000284,365,6655
CHEMBL1164729,EFO_0004274,367,8202
CHEMBL1164729,EFO_0009104,367,8427
CHEMBL1201505,HP_0004419,369,4859
CHEMBL174,EFO_1001888,376,6901
CHEMBL206253,EFO_0006911,381,9503
CHEMBL1471,HP_0002018,393,6071
CHEMBL1471,EFO_0004888,393,7986
CHEMBL1471,EFO_0006911,393,9503
CHEMBL2108709,EFO_0004229,396,9520
CHEMBL493982,HP_0004419,402,4859
CHEMBL493982,EFO_0004265,402,9587
CHEMBL923,EFO_0003854,408,8641
CHEMBL1201420,HP_0004419,409,4859
CHEMBL1201594,EFO_0004274,411,8202
CHEMBL1743079,EFO_1001466,413,7169
CHEMBL243712,EFO_0004888,416,7986
CHEMBL262777,EFO_1001888,417,6901
CHEMBL416956,EFO_0007444,419,7666
CHEMBL416956,EFO_0007445,419,8345
CHEMBL424,EFO_1001888,420,6901
CHEMBL424,EFO_0003894,420,7494
CHEMBL476,EFO_0002617,421,5382
CHEMBL49080,HP_0006536,422,6113
CHEMBL511,HP_0000989,423,6199
CHEMBL561,EFO_1001888,425,6901
CHEMBL70246,HP_0006536,427,6113
CHEMBL885,EFO_0000180,430,6410
CHEMBL997,EFO_0003854,432,8641
CHEMBL1118,MONDO_0002009,434,5268
CHEMBL12,HP_0000713,435,6375
CHEMBL1282,EFO_0002496,438,4984
CHEMBL1465,HP_0004419,439,4859
CHEMBL267345,EFO_0005045,441,6831
CHEMBL267345,EFO_0007380,441,7338
CHEMBL267345,EFO_0007310,441,7478
CHEMBL267345,EFO_0007228,441,8057
CHEMBL714,HP_0025428,447,4591
CHEMBL714,HP_0006536,447,6113
CHEMBL12610,HP_0002829,452,6156
CHEMBL1382,HP_0000103,453,5868
CHEMBL1382,EFO_1000781,453,8862
CHEMBL1743043,EFO_1000956,456,8633
CHEMBL334966,HP_0004419,459,4859
CHEMBL3545062,EFO_0004220,460,8253
CHEMBL672,HP_0003124,466,5907
CHEMBL1193,HP_0000989,469,6199
CHEMBL1201764,HP_0000103,470,5868
CHEMBL1201764,EFO_1000781,470,8862
CHEMBL1509,EFO_0003894,471,7494
CHEMBL1650,HP_0001094,472,4858
CHEMBL1650,EFO_1001888,472,6901
CHEMBL1650,EFO_0004276,472,6920
CHEMBL1650,EFO_1000941,472,7835
CHEMBL1650,EFO_1001194,472,8123
CHEMBL1650,EFO_0004274,472,8202
CHEMBL1650,EFO_0007160,472,8454
CHEMBL1650,EFO_1000039,472,8783
CHEMBL1650,EFO_0009456,472,8806
CHEMBL1650,EFO_1000694,472,9025
CHEMBL1650,EFO_0007403,472,9119
CHEMBL1650,EFO_1000997,472,9190
CHEMBL1650,EFO_1001896,472,9210
CHEMBL1650,EFO_1001205,472,9435
CHEMBL1743029,EFO_0000180,474,6410
CHEMBL25,HP_0004419,477,4859
CHEMBL29,EFO_1001888,479,6901
CHEMBL405,EFO_0000614,482,5190
CHEMBL405,EFO_0003888,482,8694
CHEMBL408513,EFO_0000211,483,5904
CHEMBL494,HP_0004419,485,4859
CHEMBL1201512,EFO_1001888,491,6901
CHEMBL1237025,EFO_0004274,493,8202
CHEMBL1466,HP_0004419,495,4859
CHEMBL184,EFO_1001888,496,6901
CHEMBL184,EFO_0007204,496,9118
CHEMBL184,EFO_0007282,496,9441
CHEMBL184,EFO_1001347,496,9482
CHEMBL2109540,Orphanet_391665,501,10395
CHEMBL4297364,HP_0006536,504,6113
CHEMBL864,EFO_0003956,507,8145
CHEMBL864,EFO_0007533,507,8206
CHEMBL864,EFO_0007141,507,8382
CHEMBL864,EFO_1001417,507,9365
CHEMBL894,MONDO_0002009,508,5268
CHEMBL1086,HP_0000989,510,6199
CHEMBL1086,EFO_0009552,510,6804
CHEMBL2108429,HP_0006536,516,6113
CHEMBL2108738,EFO_0002617,517,5382
CHEMBL389621,HP_0001742,522,5455
CHEMBL389621,EFO_0009552,522,6804
CHEMBL389621,EFO_1001888,522,6901
CHEMBL389621,EFO_1001347,522,9482
CHEMBL435,EFO_0003913,524,9586
CHEMBL776,HP_0006536,526,6113
CHEMBL1200,HP_0000989,528,6199
CHEMBL1201202,HP_0004419,529,4859
CHEMBL1201864,HP_0000132,531,5088
CHEMBL1237119,HP_0004419,533,4859
CHEMBL1628227,HP_0000989,537,6199
CHEMBL22,EFO_0007448,538,9395
CHEMBL462605,EFO_0000614,544,5190
CHEMBL880,EFO_1001888,547,6901
CHEMBL880,EFO_0007282,547,9441
CHEMBL880,EFO_1001347,547,9482
CHEMBL977,EFO_0009552,549,6804
CHEMBL977,EFO_1001888,549,6901
CHEMBL1174,HP_0004419,552,4859
CHEMBL1201515,EFO_1001485,555,9551
CHEMBL1753,EFO_0003894,556,7494
CHEMBL1753,EFO_1001312,556,9028
CHEMBL2108250,HP_0004419,557,4859
CHEMBL252556,EFO_0003888,558,8694
CHEMBL3813873,EFO_1000562,560,7071
CHEMBL632,HP_0001742,563,5455
CHEMBL632,HP_0006536,563,6113
CHEMBL632,EFO_0009552,563,6804
CHEMBL632,EFO_1001888,563,6901
CHEMBL1200633,EFO_1000760,564,9075
CHEMBL131,HP_0001094,569,4858
CHEMBL131,HP_0012424,569,5421
CHEMBL131,HP_0001742,569,5455
CHEMBL131,EFO_0009552,569,6804
CHEMBL131,EFO_1001888,569,6901
CHEMBL131,EFO_1000941,569,7835
CHEMBL131,EFO_1001194,569,8123
CHEMBL131,EFO_0003898,569,8126
CHEMBL131,EFO_0004274,569,8202
CHEMBL131,EFO_0007141,569,8382
CHEMBL131,EFO_0007520,569,8564
CHEMBL131,EFO_1000039,569,8783
CHEMBL131,EFO_0009456,569,8806
CHEMBL131,EFO_0007257,569,8859
CHEMBL131,EFO_1000694,569,9025
CHEMBL131,EFO_0007403,569,9119
CHEMBL131,EFO_1000997,569,9190
CHEMBL131,EFO_1001896,569,9210
CHEMBL131,EFO_1001051,569,9302
CHEMBL131,EFO_1001205,569,9435
CHEMBL2108129,HP_0004419,571,4859
CHEMBL3039502,MONDO_0018906,573,6502
CHEMBL573,HP_0003124,578,5907
CHEMBL573,HP_0001891,578,6462
CHEMBL573,EFO_0003894,578,7494
CHEMBL730,EFO_0009552,579,6804
CHEMBL730,EFO_0003913,579,9586
CHEMBL897,EFO_0004274,581,8202
CHEMBL1200562,EFO_0009552,583,6804
CHEMBL1200562,EFO_1001888,583,6901
CHEMBL1265,EFO_0003894,584,7494
CHEMBL1676,HP_0001742,586,5455
CHEMBL1676,HP_0006536,586,6113
CHEMBL1676,EFO_0003956,586,8145
CHEMBL1908360,EFO_0002499,588,4908
CHEMBL1908360,HP_0009720,588,5234
CHEMBL1908360,MONDO_0016693,588,5637
CHEMBL1908360,Orphanet_805,588,13447
CHEMBL2108676,Orphanet_309297,589,10582
CHEMBL3989917,HP_0002013,594,5878
CHEMBL3989917,EFO_0006911,594,9503
CHEMBL896,HP_0000989,596,6199
CHEMBL998,EFO_0003956,597,8145
CHEMBL1175,MONDO_0002009,598,5268
CHEMBL1175,EFO_0005687,598,7323
CHEMBL1201256,EFO_0004888,600,7986
CHEMBL207538,EFO_0007453,608,9168
CHEMBL4298062,Orphanet_98896,612,13423
CHEMBL499808,EFO_1001282,613,8068
CHEMBL869,EFO_1001888,615,6901
CHEMBL927,HP_0011110,616,5849
CHEMBL927,EFO_0006505,616,8441
CHEMBL95,HP_0000726,617,6059
CHEMBL1200989,EFO_1001888,619,6901
CHEMBL1201572,EFO_0003898,621,8126
CHEMBL1440,EFO_1001888,624,6901
CHEMBL1440,EFO_0004607,624,8695
CHEMBL1451,HP_0001742,625,5455
CHEMBL1451,HP_0006536,625,6113
CHEMBL1451,EFO_0009552,625,6804
CHEMBL1451,EFO_1001888,625,6901
CHEMBL1743070,MONDO_0015564,627,5045
CHEMBL1743070,EFO_1001332,627,9463
CHEMBL1873475,EFO_0002616,628,4835
CHEMBL1873475,EFO_0009441,628,7551
CHEMBL2105224,HP_0012735,629,5422
CHEMBL308954,EFO_0000180,631,6410
CHEMBL501849,EFO_0004220,635,8253
CHEMBL527,HP_0002829,636,6156
CHEMBL527,EFO_1001888,636,6901
CHEMBL1000,EFO_0003956,638,8145
CHEMBL137,EFO_0004607,641,8695
CHEMBL137,EFO_0003932,641,9049
CHEMBL137,EFO_1000760,641,9075
CHEMBL2364648,Orphanet_163927,646,12649
CHEMBL289469,HP_0002018,648,6071
CHEMBL289469,EFO_0004888,648,7986
CHEMBL289469,EFO_0006911,648,9503
CHEMBL3137312,EFO_0004220,650,8253
CHEMBL916,HP_0004419,652,4859
CHEMBL108545,EFO_1000941,654,7835
CHEMBL1201129,EFO_0003811,657,6322
CHEMBL1201320,HP_0100633,658,4712
CHEMBL1201320,EFO_0007549,658,7781
CHEMBL1201320,EFO_0003898,658,8126
CHEMBL1201320,EFO_0009454,658,8133
CHEMBL1201320,EFO_0004607,658,8695
CHEMBL1241,HP_0000989,660,6199
CHEMBL2108396,HP_0004419,663,4859
CHEMBL787,HP_0006536,668,6113
CHEMBL787,EFO_0003956,668,8145
CHEMBL1538,EFO_0000180,672,6410
CHEMBL1538,EFO_0004239,672,8857
CHEMBL2063090,EFO_0004220,674,8253
CHEMBL223228,EFO_0000180,678,6410
CHEMBL32800,HP_0006536,679,6113
CHEMBL397420,HP_0004419,680,4859
CHEMBL635,HP_0001094,682,4858
CHEMBL635,HP_0012424,682,5421
CHEMBL635,EFO_0000557,682,6360
CHEMBL635,EFO_0004276,682,6920
CHEMBL635,EFO_0007168,682,7147
CHEMBL635,EFO_1000941,682,7835
CHEMBL635,EFO_1001194,682,8123
CHEMBL635,EFO_0003898,682,8126
CHEMBL635,EFO_0003956,682,8145
CHEMBL635,EFO_0004274,682,8202
CHEMBL635,EFO_0007141,682,8382
CHEMBL635,EFO_0007160,682,8454
CHEMBL635,EFO_0007520,682,8564
CHEMBL635,EFO_1000039,682,8783
CHEMBL635,EFO_0009456,682,8806
CHEMBL635,EFO_0007257,682,8859
CHEMBL635,EFO_1000694,682,9025
CHEMBL635,EFO_0007403,682,9119
CHEMBL635,EFO_1000997,682,9190
CHEMBL635,EFO_1001896,682,9210
CHEMBL635,EFO_1001051,682,9302
CHEMBL635,EFO_1001205,682,9435
CHEMBL1541,HP_0012388,690,4863
CHEMBL1541,HP_0011110,690,5849
CHEMBL2108675,HP_0000964,692,6598
CHEMBL36715,EFO_0003888,693,8694
CHEMBL3989738,EFO_1001888,694,6901
CHEMBL453,EFO_1001888,695,6901
CHEMBL455,EFO_1001888,696,6901
CHEMBL455,EFO_0003894,696,7494
CHEMBL61006,HP_0001742,698,5455
CHEMBL1303,EFO_0004270,703,9380
CHEMBL1547,HP_0001891,704,6462
CHEMBL182,EFO_1001888,706,6901
CHEMBL2108041,EFO_0008520,708,7701
CHEMBL2108041,EFO_0003929,708,9538
CHEMBL2364612,EFO_1001069,710,9043
CHEMBL271227,EFO_0000196,711,5786
CHEMBL3545123,EFO_0004220,713,8253
CHEMBL4101807,Orphanet_232,715,10875
CHEMBL413965,HP_0002829,716,6156
CHEMBL522038,HP_0004419,717,4859
CHEMBL796,EFO_0003888,720,8694
CHEMBL1201207,HP_0001742,725,5455
CHEMBL1201207,HP_0006536,725,6113
CHEMBL1201207,EFO_0009552,725,6804
CHEMBL1201207,EFO_1001888,725,6901
CHEMBL177,EFO_1001888,745,6901
CHEMBL689,EFO_1000845,752,7488
CHEMBL1161,HP_0001742,754,5455
CHEMBL1161,HP_0006536,754,6113
CHEMBL1161,EFO_0003956,754,8145
CHEMBL1200737,EFO_1000644,755,8631
CHEMBL2109065,HP_0004419,762,4859
CHEMBL2205807,MONDO_0003472,763,6186
CHEMBL4297229,EFO_0005422,768,7336
CHEMBL4297536,Orphanet_85447,769,13610
CHEMBL508102,HP_0000820,771,6545
CHEMBL1014,EFO_0003913,774,9586
CHEMBL1139,HP_0004419,777,4859
CHEMBL1187833,HP_0006536,778,6113
CHEMBL1187833,EFO_0006505,778,8441
CHEMBL4297620,EFO_0000614,784,5190
CHEMBL4297620,EFO_0003888,784,8694
CHEMBL4298110,HP_0001891,785,6462
CHEMBL715,MONDO_0002009,788,5268
CHEMBL715,HP_0000713,788,6375
CHEMBL729,EFO_0000180,789,6410
CHEMBL1042,HP_0001891,791,6462
CHEMBL1112,EFO_0003758,793,4970
CHEMBL1112,MONDO_0002009,793,5268
CHEMBL1112,EFO_0003015,793,6308
CHEMBL1112,HP_0000713,793,6375
CHEMBL1166,HP_0004419,794,4859
CHEMBL1201584,HP_0004419,799,4859
CHEMBL1201584,EFO_1000985,799,7863
CHEMBL170,EFO_0007444,800,7666
CHEMBL1752,HP_0006536,802,6113
CHEMBL2108597,HP_0001891,805,6462
CHEMBL3184512,EFO_0003894,807,7494
CHEMBL3184512,EFO_1001362,807,8581
CHEMBL3184512,EFO_1001753,807,9016
CHEMBL3184512,EFO_1001312,807,9028
CHEMBL3184512,EFO_1001084,807,9405
CHEMBL443,EFO_0007448,809,9395
CHEMBL504,HP_0002829,811,6156
CHEMBL1082,DOID_7551,813,4474
CHEMBL1082,HP_0011110,813,5849
CHEMBL1082,EFO_0004607,813,8695
CHEMBL1200686,HP_0000964,815,6598
CHEMBL1396,EFO_0003768,818,6153
CHEMBL1549,EFO_0009552,819,6804
CHEMBL1549,EFO_1001888,819,6901
CHEMBL2218896,HP_0002018,823,6071
CHEMBL2364632,EFO_0003894,824,7494
CHEMBL434,HP_0006536,827,6113
CHEMBL480,EFO_0009454,828,8133
CHEMBL639,HP_0001742,829,5455
CHEMBL639,EFO_0003956,829,8145
CHEMBL639,EFO_0007533,829,8206
CHEMBL639,EFO_0007141,829,8382
CHEMBL163,EFO_0000180,837,6410
CHEMBL163,EFO_0004220,837,8253
CHEMBL3039597,EFO_1001888,840,6901
CHEMBL34259,EFO_1001051,842,9302
CHEMBL34259,EFO_1001494,842,9448
CHEMBL807,HP_0000726,846,6059
CHEMBL1089221,HP_0002829,847,6156
CHEMBL1089221,EFO_1001888,847,6901
CHEMBL1140,EFO_0001070,848,5191
CHEMBL1140,HP_0001891,848,6462
CHEMBL1140,EFO_0003894,848,7494
CHEMBL1191,EFO_1001888,849,6901
CHEMBL1201146,HP_0008209,850,5935
CHEMBL1201146,EFO_0003894,850,7494
CHEMBL1201662,HP_0004419,851,4859
CHEMBL1201662,EFO_0003907,851,7910
CHEMBL1201825,EFO_0004683,852,7620
CHEMBL1231574,HP_0001891,853,6462
CHEMBL1231574,EFO_0003894,853,7494
CHEMBL1237026,EFO_1001348,854,9550
CHEMBL1389,HP_0000132,856,5088
CHEMBL3988900,HP_0001891,860,6462
CHEMBL498847,EFO_0003932,862,9049
CHEMBL770,HP_0002829,865,6156
CHEMBL89598,EFO_1000877,867,9378
CHEMBL1095777,HP_0006536,868,6113
CHEMBL1095777,EFO_0006505,868,8441
CHEMBL1201192,EFO_0000614,871,5190
CHEMBL1201192,EFO_0003888,871,8694
CHEMBL2048028,EFO_1000906,875,7589
CHEMBL73234,HP_0012735,881,5422
CHEMBL990,EFO_0007510,882,7063
CHEMBL1059,EFO_0005687,883,7323
CHEMBL1059,EFO_0005762,883,8112
CHEMBL1109,EFO_1001888,885,6901
CHEMBL1201199,EFO_0000196,887,5786
CHEMBL1201335,HP_0000975,888,5208
CHEMBL1201335,HP_0006536,888,6113
CHEMBL1201561,EFO_0002617,889,5382
CHEMBL1201561,EFO_0004220,889,8253
CHEMBL1201593,HP_0004419,890,4859
CHEMBL1474889,HP_0012735,892,5422
CHEMBL2105395,HP_0030016,910,5267
CHEMBL33,EFO_1001888,911,6901
CHEMBL3990048,Orphanet_584,913,12063
CHEMBL4216467,Orphanet_44890,914,10836
CHEMBL465,HP_0002018,915,6071
CHEMBL465,EFO_0006911,915,9503
CHEMBL56564,HP_0002018,916,6071
CHEMBL569713,HP_0002018,917,6071
CHEMBL569713,EFO_0004888,917,7986
CHEMBL709,EFO_0000284,919,6655
CHEMBL1220,EFO_0003932,921,9049
CHEMBL139,HP_0002829,924,6156
CHEMBL139,EFO_1001888,924,6901
CHEMBL3833373,EFO_1001471,929,7541
CHEMBL4204794,Orphanet_44890,930,10836
CHEMBL547,EFO_0003894,931,7494
CHEMBL659,HP_0000726,933,6059
CHEMBL110458,Orphanet_324,935,11938
CHEMBL1201772,HP_0004419,938,4859
CHEMBL1201772,EFO_0005672,938,8439
CHEMBL1515,HP_0000820,940,6545
CHEMBL1622,EFO_0001070,943,5191
CHEMBL1622,HP_0001891,943,6462
CHEMBL1622,EFO_0003894,943,7494
CHEMBL1789941,EFO_0002429,945,6031
CHEMBL1789941,EFO_0002430,945,6209
CHEMBL2108278,Orphanet_98896,948,13423
CHEMBL2110563,EFO_0001070,950,5191
CHEMBL2110563,HP_0001891,950,6462
CHEMBL3707372,EFO_0004220,951,8253
CHEMBL521,HP_0001643,952,5339
CHEMBL521,HP_0100607,952,5750
CHEMBL521,HP_0002829,952,6156
CHEMBL6,HP_0002829,953,6156
CHEMBL6,EFO_1001888,953,6901
CHEMBL6,EFO_0003898,953,8126
CHEMBL6,EFO_0004274,953,8202
CHEMBL603,HP_0006536,954,6113
CHEMBL1172,EFO_0003956,956,8145
CHEMBL1201236,EFO_1001402,958,9317
CHEMBL129,EFO_0000180,961,6410
CHEMBL2105741,EFO_0002617,964,5382
CHEMBL4297537,Orphanet_85447,968,13610
CHEMBL657,HP_0000989,971,6199
CHEMBL1177,EFO_0003888,973,8694
CHEMBL1229517,EFO_0002617,975,5382
CHEMBL1305,HP_0001742,977,5455
CHEMBL24924,HP_0004419,978,4859
CHEMBL37390,HP_0006536,981,6113
CHEMBL388590,EFO_0004274,982,8202
CHEMBL408403,EFO_0006834,983,8478
CHEMBL799,HP_0004419,985,4859
CHEMBL1201534,HP_0004419,990,4859
CHEMBL1370,HP_0001742,992,5455
CHEMBL1370,HP_0006536,992,6113
CHEMBL1370,EFO_0003956,992,8145
CHEMBL1370,EFO_0006505,992,8441
CHEMBL1534,EFO_0001070,995,5191
CHEMBL1534,HP_0001891,995,6462
CHEMBL1734,HP_0000103,997,5868
CHEMBL1734,EFO_1000781,997,8862
CHEMBL2103737,EFO_0003894,998,7494
CHEMBL3187723,EFO_0002617,1002,5382
CHEMBL106,EFO_0007228,1006,8057
CHEMBL1201134,EFO_0000555,1009,5874
CHEMBL125,EFO_0005045,1013,6831
CHEMBL125,EFO_0007379,1013,8412
CHEMBL220491,EFO_1001069,1018,9043
CHEMBL3544921,Orphanet_228349,1021,9913
CHEMBL4298187,HP_0001891,1022,6462
CHEMBL4594252,EFO_0003894,1024,7494
CHEMBL535,Orphanet_44890,1025,10836
CHEMBL569,EFO_0009552,1026,6804
CHEMBL94394,HP_0002829,1028,6156
CHEMBL1201213,HP_0006536,1030,6113
CHEMBL1201560,EFO_0004220,1032,8253
CHEMBL23,EFO_0009552,1038,6804
CHEMBL23,EFO_0003913,1038,9586
CHEMBL4,EFO_1001888,1041,6901
CHEMBL633,HP_0004308,1044,4519
CHEMBL86,EFO_0004888,1045,7986
CHEMBL1201187,EFO_0000180,1046,6410
CHEMBL1201688,EFO_1001888,1048,6901
CHEMBL1219,EFO_0007549,1049,7781
CHEMBL1219,EFO_0004607,1049,8695
CHEMBL1621597,HP_0001742,1052,5455
CHEMBL1621597,HP_0006536,1052,6113
CHEMBL1621597,EFO_0006505,1052,8441
CHEMBL1621597,EFO_0007214,1052,8774
CHEMBL1201353,EFO_0003956,1066,8145
CHEMBL1201353,EFO_0007533,1066,8206
CHEMBL1201353,EFO_0007141,1066,8382
CHEMBL1201353,EFO_1001417,1066,9365
CHEMBL19019,MONDO_0002046,1073,5869
CHEMBL2146883,EFO_0002617,1076,5382
CHEMBL3301612,EFO_0002617,1078,5382
CHEMBL404,EFO_0007149,1080,7973
CHEMBL404,EFO_1001459,1080,8085
CHEMBL404,EFO_1001312,1080,9028
CHEMBL638,EFO_1001282,1082,8068
CHEMBL1086440,EFO_1001324,1085,8229
CHEMBL1129,EFO_1001888,1086,6901
CHEMBL1201414,HP_0004419,1089,4859
CHEMBL1201414,EFO_0003907,1089,7910
CHEMBL1201564,Orphanet_53,1090,10309
CHEMBL1201830,Orphanet_575,1091,11826
CHEMBL130,EFO_1001888,1093,6901
CHEMBL130,EFO_0003894,1093,7494
CHEMBL1760,HP_0006536,1094,6113
CHEMBL790,EFO_1001888,1103,6901
CHEMBL93645,HP_0002829,1104,6156
CHEMBL1201580,EFO_0003898,1106,8126
CHEMBL1464,HP_0004419,1108,4859
CHEMBL1643,EFO_0004220,1110,8253
CHEMBL2106119,HP_0002901,1113,5065
CHEMBL8,EFO_1001888,1125,6901
CHEMBL833,HP_0004419,1126,4859
CHEMBL1106,EFO_0007141,1127,8382
CHEMBL1200799,EFO_1001069,1129,9043
CHEMBL211456,HP_0001742,1135,5455
CHEMBL3039583,EFO_1001485,1137,9551
CHEMBL566315,EFO_1001486,1143,7750
CHEMBL711,HP_0004419,1144,4859
CHEMBL85,EFO_0003758,1145,4970
CHEMBL85,EFO_0003015,1145,6308
CHEMBL1201281,EFO_1001888,1150,6901
CHEMBL1201281,EFO_0003894,1150,7494
CHEMBL161,DOID_7551,1154,4474
CHEMBL517712,HP_0011499,1161,4711
CHEMBL517712,EFO_0003956,1161,8145
CHEMBL719,HP_0001742,1162,5455
CHEMBL1201109,EFO_1001888,1166,6901
CHEMBL1201776,EFO_0005762,1168,8112
CHEMBL1238,EFO_0003894,1169,7494
CHEMBL1238,EFO_1000760,1169,9075
CHEMBL1346,HP_0000103,1170,5868
CHEMBL502,HP_0000726,1183,6059
CHEMBL831,HP_0000713,1188,6375
CHEMBL1201657,HP_0004419,1194,4859
CHEMBL1201657,EFO_0003907,1194,7910
CHEMBL1269025,HP_0004419,1195,4859
CHEMBL1269025,EFO_0003907,1195,7910
CHEMBL1364,EFO_0001070,1196,5191
CHEMBL1364,HP_0001891,1196,6462
CHEMBL1863513,EFO_0002496,1198,4984
CHEMBL190461,Orphanet_2382,1199,10498
CHEMBL190461,Orphanet_33069,1199,10643
CHEMBL2107886,HP_0004419,1203,4859
CHEMBL4297762,Orphanet_98896,1209,13423
CHEMBL1198857,EFO_0006505,1217,8441
CHEMBL1489,EFO_0003811,1220,6322
CHEMBL1628502,EFO_0004270,1222,9380
CHEMBL2108574,HP_0004419,1225,4859
CHEMBL3039514,EFO_0004220,1227,8253
CHEMBL1078261,HP_0000103,1234,5868
CHEMBL1201576,EFO_1000784,1236,9095
CHEMBL1963683,EFO_1001069,1241,9043
CHEMBL3833319,HP_0006536,1245,6113
CHEMBL428880,HP_0001742,1246,5455
CHEMBL428880,HP_0006536,1246,6113
CHEMBL428880,HP_0000964,1246,6598
CHEMBL660,EFO_1000860,1248,9278
CHEMBL660,EFO_1001402,1248,9317
CHEMBL846,HP_0002901,1250,5065
CHEMBL1064,HP_0003124,1251,5907
CHEMBL1200600,EFO_0009552,1255,6804
CHEMBL1200600,EFO_1001888,1255,6901
CHEMBL1200600,EFO_0003894,1255,7494
CHEMBL1201302,HP_0001094,1257,4858
CHEMBL1201302,HP_0012424,1257,5421
CHEMBL1201302,HP_0001742,1257,5455
CHEMBL1201302,EFO_0009552,1257,6804
CHEMBL1201302,EFO_1001888,1257,6901
CHEMBL1201302,EFO_0004276,1257,6920
CHEMBL1201302,EFO_1000845,1257,7488
CHEMBL1201302,EFO_0003894,1257,7494
CHEMBL1201302,EFO_1000941,1257,7835
CHEMBL1201302,EFO_1001194,1257,8123
CHEMBL1201302,EFO_0003898,1257,8126
CHEMBL1201302,EFO_0003956,1257,8145
CHEMBL1201302,EFO_0004274,1257,8202
CHEMBL1201302,EFO_0007141,1257,8382
CHEMBL1201302,EFO_0007160,1257,8454
CHEMBL1201302,EFO_0007520,1257,8564
CHEMBL1201302,EFO_1000039,1257,8783
CHEMBL1201302,EFO_0009456,1257,8806
CHEMBL1201302,EFO_0007257,1257,8859
CHEMBL1201302,EFO_1000694,1257,9025
CHEMBL1201302,EFO_0007403,1257,9119
CHEMBL1201302,EFO_1000997,1257,9190
CHEMBL1201302,EFO_1001896,1257,9210
CHEMBL1201302,EFO_1001051,1257,9302
CHEMBL1201302,EFO_1001205,1257,9435
CHEMBL1201891,Orphanet_98896,1258,13423
CHEMBL2105487,EFO_0003894,1262,7494
CHEMBL254857,EFO_0003888,1266,8694
CHEMBL3544926,EFO_0000778,1269,6069
CHEMBL513,EFO_0002499,1273,4908
CHEMBL760,HP_0004419,1277,4859
CHEMBL1082407,EFO_0000196,1280,5786
CHEMBL1200934,EFO_0003894,1282,7494
CHEMBL2103749,HP_0004419,1288,4859
CHEMBL2103749,EFO_1000985,1288,7863
CHEMBL2103827,EFO_0005252,1289,8511
CHEMBL231779,HP_0004419,1291,4859
CHEMBL231779,EFO_0003907,1291,7910
CHEMBL803,EFO_0003027,1297,4605
CHEMBL101,HP_0002829,1298,6156
CHEMBL1138,HP_0003124,1303,5907
CHEMBL1189679,HP_0002018,1304,6071
CHEMBL1189679,EFO_0004888,1304,7986
CHEMBL1189679,EFO_0006911,1304,9503
CHEMBL1256786,HP_0006536,1306,6113
CHEMBL1256786,EFO_0006505,1306,8441
CHEMBL1257015,HP_0004419,1307,4859
CHEMBL1511,HP_0000132,1309,5088
CHEMBL1511,HP_0008209,1309,5935
CHEMBL2040682,HP_0001742,1310,5455
CHEMBL2040682,HP_0006536,1310,6113
CHEMBL2040682,EFO_0003956,1310,8145
CHEMBL3833401,EFO_0003894,1314,7494
CHEMBL529,HP_0011110,1319,5849
CHEMBL529,EFO_1001888,1319,6901
CHEMBL529,Orphanet_586,1319,12021
CHEMBL591665,EFO_0001070,1321,5191
CHEMBL591665,HP_0001891,1321,6462
CHEMBL99946,MONDO_0002009,1327,5268
CHEMBL2095208,EFO_0000180,1336,6410
CHEMBL312448,HP_0001742,1337,5455
CHEMBL3707326,HP_0002148,1339,4972
CHEMBL398435,HP_0004419,1341,4859
CHEMBL398435,EFO_0005672,1341,8439
CHEMBL600,EFO_0004228,1342,8463
CHEMBL600,Orphanet_586,1342,12021
CHEMBL642,HP_0004308,1343,4519
CHEMBL1457,HP_0012735,1347,5422
CHEMBL154,HP_0100607,1351,5750
CHEMBL154,HP_0002829,1351,6156
CHEMBL154,EFO_1000941,1351,7835
CHEMBL154,EFO_0003898,1351,8126
CHEMBL154,EFO_0009454,1351,8133
CHEMBL154,EFO_0004274,1351,8202
CHEMBL190,HP_0006536,1352,6113
CHEMBL2107825,EFO_0000180,1353,6410
CHEMBL43064,HP_0002321,1357,6497
CHEMBL437765,EFO_1001888,1358,6901
CHEMBL641,EFO_0003888,1360,8694
CHEMBL1090,EFO_1001888,1363,6901
CHEMBL1096,HP_0006536,1364,6113
CHEMBL1201558,MONDO_0018906,1366,6502
CHEMBL1201558,EFO_0007147,1366,7578
CHEMBL1201558,EFO_0004220,1366,8253
CHEMBL1201558,EFO_1000956,1366,8633
CHEMBL1201558,EFO_0004239,1366,8857
CHEMBL1503,EFO_0009454,1368,8133
CHEMBL1503,EFO_0004607,1368,8695
CHEMBL2105458,HP_0000989,1372,6199
CHEMBL503,HP_0003124,1374,5907
CHEMBL1228,HP_0002829,1383,6156
CHEMBL1228,EFO_1001888,1383,6901
CHEMBL2108494,EFO_1001888,1389,6901
CHEMBL2142890,EFO_0003888,1390,8694
CHEMBL46,HP_0002013,1395,5878
CHEMBL46,HP_0002018,1395,6071
CHEMBL46,EFO_0006912,1395,7914
CHEMBL46,EFO_0004888,1395,7986
CHEMBL46,EFO_0006911,1395,9503
CHEMBL499,EFO_1001069,1396,9043
CHEMBL650,EFO_0003894,1397,7494
CHEMBL650,EFO_1000941,1397,7835
CHEMBL814,EFO_1002014,1400,7047
CHEMBL924,EFO_0000196,1404,5786
CHEMBL924,EFO_0003854,1404,8641
CHEMBL107,EFO_0004274,1406,8202
CHEMBL107,Orphanet_342,1406,10660
CHEMBL113,EFO_0003888,1407,8694
CHEMBL1200449,HP_0001742,1410,5455
CHEMBL1200449,HP_0006536,1410,6113
CHEMBL1200449,EFO_0009552,1410,6804
CHEMBL1200449,EFO_1001888,1410,6901
CHEMBL1201661,EFO_0003854,1411,8641
CHEMBL1201780,Orphanet_927,1412,13556
CHEMBL2105002,HP_0012735,1416,5422
CHEMBL3707313,EFO_0003894,1418,7494
CHEMBL404520,EFO_1001888,1421,6901
CHEMBL604,EFO_0001070,1424,5191
CHEMBL604,HP_0001891,1424,6462
CHEMBL989,EFO_0009552,1428,6804
CHEMBL989,EFO_1001888,1428,6901
CHEMBL103,EFO_0010269,1429,7190
CHEMBL1183349,EFO_0007380,1430,7338
CHEMBL1189432,HP_0001742,1431,5455
CHEMBL1189432,HP_0000989,1431,6199
CHEMBL1189432,EFO_0007141,1431,8382
CHEMBL1263,HP_0006536,1433,6113
CHEMBL1263,EFO_0006505,1433,8441
CHEMBL1530428,HP_0001742,1434,5455
CHEMBL1530428,EFO_0009552,1434,6804
CHEMBL1530428,EFO_1001888,1434,6901
CHEMBL1530428,EFO_0003894,1434,7494
CHEMBL3304485,EFO_0000555,1444,5874
CHEMBL4297065,MONDO_0003472,1446,6186
CHEMBL469,EFO_1001888,1447,6901
CHEMBL505,HP_0012735,1448,5422
CHEMBL761,HP_0001742,1452,5455
CHEMBL1201421,EFO_0004683,1458,7620
CHEMBL1502,HP_0100633,1463,4712
CHEMBL1502,EFO_0007549,1463,7781
CHEMBL57,EFO_0000180,1471,6410
CHEMBL577736,EFO_1001888,1472,6901
CHEMBL605846,HP_0006536,1473,6113
CHEMBL686,HP_0100607,1475,5750
CHEMBL986,HP_0001742,1476,5455
CHEMBL986,EFO_0003894,1476,7494
CHEMBL1110,EFO_0000555,1478,5874
CHEMBL1194325,HP_0006536,1479,6113
CHEMBL1194325,EFO_0006505,1479,8441
CHEMBL1200538,HP_0001742,1480,5455
CHEMBL1200538,HP_0006536,1480,6113
CHEMBL1200538,EFO_0009552,1480,6804
CHEMBL1200538,EFO_1001888,1480,6901
CHEMBL1201186,EFO_0004607,1481,8695
CHEMBL1201624,EFO_1000644,1482,8631
CHEMBL1342,EFO_0000614,1483,5190
CHEMBL1501,EFO_0009552,1485,6804
CHEMBL1747,EFO_1001888,1486,6901
CHEMBL1747,EFO_0007141,1486,8382
CHEMBL1747,Orphanet_586,1486,12021
CHEMBL2108638,EFO_0000778,1488,6069
CHEMBL251634,EFO_0009552,1491,6804
CHEMBL1201544,EFO_0001070,1500,5191
CHEMBL1201544,HP_0001891,1500,6462
CHEMBL1201832,EFO_0007160,1502,8454
CHEMBL1487,HP_0003124,1506,5907
CHEMBL1487,EFO_0003913,1506,9586
CHEMBL2218885,EFO_0004683,1509,7620
CHEMBL3989866,EFO_0000180,1515,6410
CHEMBL485,HP_0012735,1517,5422
CHEMBL654,MONDO_0002009,1522,5268
CHEMBL110,MONDO_0001444,1526,6093
CHEMBL1200500,HP_0001742,1528,5455
CHEMBL1200500,HP_0006536,1528,6113
CHEMBL1200500,EFO_0003956,1528,8145
CHEMBL1200666,EFO_1001494,1529,9448
CHEMBL193240,HP_0006536,1537,6113
CHEMBL3301675,EFO_0000555,1539,5874
CHEMBL444633,EFO_0000180,1545,6410
CHEMBL509,HP_0002829,1547,6156
CHEMBL52440,HP_0012735,1548,5422
CHEMBL52440,EFO_0007214,1548,8774
CHEMBL549,MONDO_0002009,1549,5268
CHEMBL612,EFO_0000614,1550,5190
CHEMBL612,EFO_0003888,1550,8694
CHEMBL637,MONDO_0002009,1551,5268
CHEMBL1131,EFO_1001494,1553,9448
CHEMBL118,HP_0100607,1554,5750
CHEMBL118,EFO_0003898,1554,8126
CHEMBL1201447,EFO_1000644,1556,8631
CHEMBL1201834,Orphanet_342,1558,10660
CHEMBL1374379,HP_0012735,1560,5422
CHEMBL1436,EFO_1001888,1561,6901
CHEMBL1590,HP_0012735,1562,5422
CHEMBL1590,HP_0001742,1562,5455
CHEMBL1590,EFO_0003956,1562,8145
CHEMBL1590,EFO_0007214,1562,8774
CHEMBL1657,EFO_0003894,1563,7494
CHEMBL2028663,EFO_0002617,1566,5382
CHEMBL269732,HP_0000964,1569,6598
CHEMBL290960,MONDO_0001444,1570,6093
CHEMBL3391662,EFO_0004220,1571,8253
CHEMBL3989868,EFO_1000294,1572,8608
CHEMBL914,EFO_0003956,1578,8145
CHEMBL1200572,HP_0001891,1580,6462
CHEMBL1373,EFO_0003888,1583,8694
CHEMBL1680,EFO_1001485,1585,9551
CHEMBL372795,EFO_0007481,1587,6964
CHEMBL372795,EFO_1001444,1587,8084
CHEMBL4594250,EFO_1001069,1592,9043
CHEMBL490,MONDO_0002009,1593,5268
CHEMBL512351,HP_0004419,1595,4859
CHEMBL512351,EFO_0004286,1595,8620
CHEMBL532,EFO_1001888,1596,6901
CHEMBL532,EFO_0003894,1596,7494
CHEMBL1200406,HP_0002013,1598,5878
CHEMBL1201622,EFO_1000644,1599,8631
CHEMBL1697733,EFO_0003888,1603,8694
CHEMBL1742991,HP_0006536,1604,6113
CHEMBL196,HP_0001891,1606,6462
CHEMBL54,EFO_0004216,1611,6934
CHEMBL54,EFO_0004895,1611,8146
CHEMBL1021,EFO_1001888,1615,6901
CHEMBL1055,EFO_0003913,1616,9586
CHEMBL1201438,EFO_0002617,1618,5382
CHEMBL25105,HP_0001742,1621,5455
CHEMBL25105,EFO_1001888,1621,6901
CHEMBL3127326,EFO_0004220,1622,8253
CHEMBL32,EFO_1001888,1624,6901
CHEMBL32,EFO_0006505,1624,8441
CHEMBL3544914,Orphanet_586,1625,12021
CHEMBL386630,HP_0000044,1626,4911
CHEMBL386630,EFO_1001006,1626,8543
CHEMBL386630,EFO_1001078,1626,8740
CHEMBL4594244,HP_0001742,1628,5455
CHEMBL75435,HP_0002829,1632,6156
CHEMBL1152,HP_0001742,1633,5455
CHEMBL1152,EFO_0009552,1633,6804
CHEMBL1152,EFO_1001888,1633,6901
CHEMBL1152,EFO_0007141,1633,8382
CHEMBL1198,HP_0000989,1634,6199
CHEMBL1198,EFO_0009552,1634,6804
CHEMBL1200557,EFO_0001070,1635,5191
CHEMBL1200557,HP_0001891,1635,6462
CHEMBL1200617,EFO_1001888,1636,6901
CHEMBL1201754,Orphanet_2382,1638,10498
CHEMBL1512,HP_0001742,1640,5455
CHEMBL1512,HP_0006536,1640,6113
CHEMBL38,EFO_0000224,1647,5686
CHEMBL38,EFO_0003894,1647,7494
CHEMBL922,EFO_0004239,1651,8857
CHEMBL1077,EFO_1001888,1653,6901
CHEMBL1159650,EFO_1001494,1654,9448
CHEMBL1201474,HP_0003124,1656,5907
CHEMBL1201831,EFO_0003898,1657,8126
CHEMBL2108791,HP_0004419,1662,4859
CHEMBL3989767,EFO_0003854,1665,8641
CHEMBL1201760,EFO_1001888,1671,6901
CHEMBL1287853,EFO_0002430,1672,6209
CHEMBL238804,HP_0004419,1677,4859
CHEMBL238804,Orphanet_275766,1677,12563
CHEMBL698,HP_0000989,1681,6199
CHEMBL698,EFO_0009552,1681,6804
CHEMBL710,EFO_0000284,1682,6655
CHEMBL710,EFO_0004191,1682,6783
CHEMBL741,HP_0002069,1683,6013
CHEMBL741,Orphanet_2382,1683,10498
CHEMBL1020,HP_0002829,1686,6156
CHEMBL1201295,HP_0006536,1689,6113
CHEMBL1540,EFO_1001347,1693,9482
CHEMBL2109624,HP_0004419,1698,4859
CHEMBL2109624,MONDO_0019740,1698,5378
CHEMBL1200865,EFO_1001888,1705,6901
CHEMBL1200865,EFO_0007141,1705,8382
CHEMBL3137343,EFO_0002617,1715,5382
CHEMBL1144,HP_0003124,1722,5907
CHEMBL1201605,EFO_0003929,1724,9538
CHEMBL1201621,EFO_0000180,1725,6410
CHEMBL1201649,EFO_0003854,1726,8641
CHEMBL2010601,Orphanet_586,1735,12021
CHEMBL3099695,EFO_1001110,1740,7409
CHEMBL477772,EFO_0003016,1744,5231
CHEMBL477772,EFO_0000335,1744,5671
CHEMBL608533,EFO_0007359,1745,6889
CHEMBL626,EFO_0007510,1746,7063
CHEMBL1467,EFO_0004274,1756,8202
CHEMBL1491306,HP_0000820,1757,6545
CHEMBL1497,HP_0001742,1758,5455
CHEMBL1497,HP_0006536,1758,6113
CHEMBL1497,EFO_0009552,1758,6804
CHEMBL1497,EFO_1001888,1758,6901
CHEMBL1623,HP_0002321,1760,6497
CHEMBL256087,EFO_1000941,1764,7835
CHEMBL3707331,HP_0002018,1766,6071
CHEMBL3707331,EFO_0006911,1766,9503
CHEMBL563,HP_0002829,1767,6156
CHEMBL563,EFO_1001888,1767,6901
CHEMBL691,EFO_0003894,1768,7494
CHEMBL827,EFO_0003888,1769,8694
CHEMBL877,HP_0000132,1770,5088
CHEMBL192,HP_0000802,1777,4482
CHEMBL2107884,HP_0006536,1779,6113
CHEMBL374731,EFO_0004239,1780,8857
CHEMBL108,EFO_1001219,1784,9135
CHEMBL1200696,HP_0000820,1785,6545
CHEMBL1200823,HP_0001891,1786,6462
CHEMBL1201431,Orphanet_586,1788,12021
CHEMBL2021423,EFO_0001070,1793,5191
CHEMBL2021423,HP_0001891,1793,6462
CHEMBL2368925,HP_0002018,1794,6071
CHEMBL2368925,EFO_0004888,1794,7986
CHEMBL2368925,EFO_0006911,1794,9503
CHEMBL571,HP_0002829,1795,6156
CHEMBL844,EFO_1001069,1797,9043
CHEMBL844,EFO_1000760,1797,9075
CHEMBL870,EFO_0003854,1798,8641
CHEMBL1201231,EFO_0007141,1802,8382
CHEMBL1201747,EFO_0007141,1803,8382
CHEMBL1452696,HP_0002829,1805,6156
CHEMBL374975,EFO_1001888,1809,6901
CHEMBL484785,HP_0000964,1811,6598
CHEMBL79,HP_0000989,1814,6199
CHEMBL79,EFO_0009552,1814,6804
CHEMBL79,EFO_0009846,1814,7785
CHEMBL79,EFO_1000941,1814,7835
CHEMBL90593,HP_0100607,1817,5750
CHEMBL1200335,HP_0000044,1821,4911
CHEMBL1473,HP_0001742,1823,5455
CHEMBL1473,HP_0006536,1823,6113
CHEMBL1473,EFO_0003956,1823,8145
CHEMBL1473,EFO_0006505,1823,8441
CHEMBL1641,EFO_0009552,1824,6804
CHEMBL1641,EFO_1001888,1824,6901
CHEMBL1741,EFO_0004607,1825,8695
CHEMBL2374220,EFO_0004220,1828,8253
CHEMBL290106,EFO_0003894,1829,7494
CHEMBL46740,EFO_0003854,1834,8641
CHEMBL857,HP_0001891,1838,6462
CHEMBL862,EFO_0003888,1839,8694
CHEMBL1200384,HP_0001742,1842,5455
CHEMBL1200384,HP_0006536,1842,6113
CHEMBL1200384,EFO_0009552,1842,6804
CHEMBL1200384,EFO_1001888,1842,6901
CHEMBL1200384,EFO_1001494,1842,9448
CHEMBL1771,HP_0004419,1848,4859
CHEMBL1771,EFO_1000985,1848,7863
CHEMBL1771,EFO_0005672,1848,8439
CHEMBL1771,EFO_0004265,1848,9587
CHEMBL2107885,HP_0004419,1850,4859
CHEMBL2110774,HP_0000989,1852,6199
CHEMBL298470,EFO_0007445,1855,8345
CHEMBL3039537,Orphanet_75234,1856,10869
CHEMBL343448,EFO_0000211,1859,5904
CHEMBL713,EFO_0004239,1864,8857
CHEMBL1200376,HP_0001742,1866,5455
CHEMBL1200376,HP_0006536,1866,6113
CHEMBL1200376,EFO_0009552,1866,6804
CHEMBL1200376,EFO_1001888,1866,6901
CHEMBL1215,HP_0001742,1868,5455
CHEMBL1888176,HP_0000103,1876,5868
CHEMBL1888176,EFO_1000781,1876,8862
CHEMBL30008,HP_0002321,1880,6497
CHEMBL932,HP_0004419,1885,4859
CHEMBL1094966,HP_0006536,1886,6113
CHEMBL1201222,EFO_0003888,1888,8694
CHEMBL1477036,HP_0001891,1890,6462
CHEMBL1506,EFO_1001888,1891,6901
CHEMBL1506,EFO_0003894,1891,7494
CHEMBL1626,HP_0000989,1892,6199
CHEMBL2107874,EFO_0003854,1896,8641
CHEMBL24441,HP_0002321,1897,6497
CHEMBL109,HP_0002121,1907,6486
CHEMBL109,EFO_1000877,1907,9378
CHEMBL109,Orphanet_64280,1907,10601
CHEMBL1159717,HP_0006536,1908,6113
CHEMBL1201589,HP_0006536,1909,6113
CHEMBL1259059,EFO_0004220,1910,8253
CHEMBL2159122,EFO_0000555,1915,5874
CHEMBL716,MONDO_0002009,1921,5268
CHEMBL746,HP_0001742,1922,5455
CHEMBL746,HP_0006536,1922,6113
CHEMBL1200909,HP_0001742,1925,5455
CHEMBL1200909,EFO_0009552,1925,6804
CHEMBL1200909,EFO_1001888,1925,6901
CHEMBL1201289,EFO_0003894,1926,7494
CHEMBL1201581,EFO_0003898,1927,8126
CHEMBL135,HP_0030016,1928,5267
CHEMBL135,HP_0008209,1928,5935
CHEMBL1439973,HP_0002018,1930,6071
CHEMBL363295,HP_0000103,1939,5868
CHEMBL9,EFO_1001888,1943,6901
CHEMBL1201758,EFO_0007141,1944,8382
CHEMBL1404,EFO_0003913,1945,9586
CHEMBL1789844,EFO_0002617,1947,5382
CHEMBL2105611,EFO_1001494,1950,9448
CHEMBL2105760,MONDO_0002009,1951,5268
CHEMBL2364608,EFO_0000180,1952,6410
CHEMBL680,HP_0011110,1962,5849
CHEMBL720,MONDO_0003472,1963,6186
CHEMBL811,HP_0012735,1964,5422
CHEMBL811,EFO_0007214,1964,8774
