,node_index
CHEMBL1200656,0
CHEMBL1201746,1
CHEMBL1231,2
CHEMBL139367,3
CHEMBL1585,4
CHEMBL2023898,5
CHEMBL3545185,6
CHEMBL4524066,7
CHEMBL466659,8
CHEMBL468,9
CHEMBL471737,10
CHEMBL524,11
CHEMBL850,12
CHEMBL852,13
CHEMBL888,14
CHEMBL900,15
CHEMBL959,16
CHEMBL1091,17
CHEMBL117287,18
CHEMBL1201827,19
CHEMBL1336,20
CHEMBL1619785,21
CHEMBL2105745,22
CHEMBL2308885,23
CHEMBL24147,24
CHEMBL267936,25
CHEMBL3137320,26
CHEMBL364713,27
CHEMBL457299,28
CHEMBL553,29
CHEMBL762,30
CHEMBL87493,31
CHEMBL940,32
CHEMBL979,33
CHEMBL112,34
CHEMBL1201486,35
CHEMBL1233,36
CHEMBL141,37
CHEMBL1449,38
CHEMBL1660,39
CHEMBL204656,40
CHEMBL2108350,41
CHEMBL2108938,42
CHEMBL2109005,43
CHEMBL2110805,44
CHEMBL21731,45
CHEMBL30,46
CHEMBL3545131,47
CHEMBL3707352,48
CHEMBL45029,49
CHEMBL525076,50
CHEMBL567,51
CHEMBL570,52
CHEMBL1201284,53
CHEMBL1201460,54
CHEMBL1201479,55
CHEMBL1201666,56
CHEMBL1201749,57
CHEMBL1237132,58
CHEMBL1257073,59
CHEMBL1484,60
CHEMBL1504,61
CHEMBL1580,62
CHEMBL1581,63
CHEMBL17,64
CHEMBL1742996,65
CHEMBL2108222,66
CHEMBL2336071,67
CHEMBL30116,68
CHEMBL3286830,69
CHEMBL3301587,70
CHEMBL521686,71
CHEMBL70,72
CHEMBL1051,73
CHEMBL1201185,74
CHEMBL1201476,75
CHEMBL1286,76
CHEMBL1366,77
CHEMBL1433,78
CHEMBL1908307,79
CHEMBL2108147,80
CHEMBL2110816,81
CHEMBL218490,82
CHEMBL259209,83
CHEMBL404108,84
CHEMBL434394,85
CHEMBL450,86
CHEMBL464,87
CHEMBL589586,88
CHEMBL702,89
CHEMBL71752,90
CHEMBL750,91
CHEMBL917,92
CHEMBL981,93
CHEMBL1165342,94
CHEMBL1200878,95
CHEMBL1201139,96
CHEMBL1201173,97
CHEMBL1201235,98
CHEMBL1201833,99
CHEMBL1513,100
CHEMBL1518,101
CHEMBL1536,102
CHEMBL1570,103
CHEMBL1572,104
CHEMBL1601,105
CHEMBL1615438,106
CHEMBL1983350,107
CHEMBL2103758,108
CHEMBL2107831,109
CHEMBL38827,110
CHEMBL3989974,111
CHEMBL649,112
CHEMBL728,113
CHEMBL771,114
CHEMBL782,115
CHEMBL818,116
CHEMBL832,117
CHEMBL957,118
CHEMBL1117,119
CHEMBL1200640,120
CHEMBL1200854,121
CHEMBL1200969,122
CHEMBL1200986,123
CHEMBL1201266,124
CHEMBL1201647,125
CHEMBL15891,126
CHEMBL1950576,127
CHEMBL20,128
CHEMBL2010507,129
CHEMBL354541,130
CHEMBL3707227,131
CHEMBL465026,132
CHEMBL53463,133
CHEMBL537,134
CHEMBL558,135
CHEMBL636,136
CHEMBL747,137
CHEMBL788,138
CHEMBL848,139
CHEMBL88055,140
CHEMBL1095607,141
CHEMBL1115,142
CHEMBL1200668,143
CHEMBL1201191,144
CHEMBL1201356,145
CHEMBL1201497,146
CHEMBL1201556,147
CHEMBL1201632,148
CHEMBL1495,149
CHEMBL1614637,150
CHEMBL2108078,151
CHEMBL2111101,152
CHEMBL2364638,153
CHEMBL3137321,154
CHEMBL384467,155
CHEMBL49,156
CHEMBL55,157
CHEMBL809,158
CHEMBL1199324,159
CHEMBL1201538,160
CHEMBL1231723,161
CHEMBL1255800,162
CHEMBL1266,163
CHEMBL146095,164
CHEMBL1900528,165
CHEMBL2108110,166
CHEMBL22108,167
CHEMBL238071,168
CHEMBL24,169
CHEMBL24778,170
CHEMBL325041,171
CHEMBL3301582,172
CHEMBL3707348,173
CHEMBL430,174
CHEMBL445,175
CHEMBL460291,176
CHEMBL615,177
CHEMBL893,178
CHEMBL898,179
CHEMBL946,180
CHEMBL1167,181
CHEMBL1200370,182
CHEMBL1201562,183
CHEMBL1201774,184
CHEMBL134,185
CHEMBL1624,186
CHEMBL2364655,187
CHEMBL3989480,188
CHEMBL3989986,189
CHEMBL493,190
CHEMBL608,191
CHEMBL611,192
CHEMBL1043,193
CHEMBL1200963,194
CHEMBL1201204,195
CHEMBL1201265,196
CHEMBL1201345,197
CHEMBL1364144,198
CHEMBL1583,199
CHEMBL1764,200
CHEMBL2109171,201
CHEMBL2111112,202
CHEMBL225071,203
CHEMBL2396661,204
CHEMBL294199,205
CHEMBL3,206
CHEMBL3301622,207
CHEMBL3991432,208
CHEMBL423,209
CHEMBL446061,210
CHEMBL44884,211
CHEMBL705,212
CHEMBL1094,213
CHEMBL1201748,214
CHEMBL1296,215
CHEMBL1493,216
CHEMBL1508,217
CHEMBL1517,218
CHEMBL152,219
CHEMBL15770,220
CHEMBL159226,221
CHEMBL1605,222
CHEMBL2105581,223
CHEMBL218394,224
CHEMBL237500,225
CHEMBL33986,226
CHEMBL460,227
CHEMBL925,228
CHEMBL956,229
CHEMBL11,230
CHEMBL1201262,231
CHEMBL1201513,232
CHEMBL1201828,233
CHEMBL1743048,234
CHEMBL1946170,235
CHEMBL198362,236
CHEMBL2108027,237
CHEMBL222863,238
CHEMBL313972,239
CHEMBL3301594,240
CHEMBL3707226,241
CHEMBL374478,242
CHEMBL383634,243
CHEMBL45816,244
CHEMBL960,245
CHEMBL1169,246
CHEMBL1200951,247
CHEMBL1201064,248
CHEMBL1201723,249
CHEMBL1201724,250
CHEMBL1201863,251
CHEMBL1289494,252
CHEMBL1331216,253
CHEMBL1384,254
CHEMBL1450,255
CHEMBL1477,256
CHEMBL1727,257
CHEMBL1731,258
CHEMBL1743041,259
CHEMBL178,260
CHEMBL2108282,261
CHEMBL250270,262
CHEMBL264241,263
CHEMBL31,264
CHEMBL3188267,265
CHEMBL360328,266
CHEMBL37744,267
CHEMBL3889654,268
CHEMBL3989751,269
CHEMBL454446,270
CHEMBL4559134,271
CHEMBL46516,272
CHEMBL622,273
CHEMBL643,274
CHEMBL679,275
CHEMBL75880,276
CHEMBL847,277
CHEMBL88,278
CHEMBL976,279
CHEMBL119423,280
CHEMBL1200374,281
CHEMBL1239,282
CHEMBL1329455,283
CHEMBL1435,284
CHEMBL1577,285
CHEMBL2105689,286
CHEMBL2106988,287
CHEMBL2107067,288
CHEMBL472,289
CHEMBL498,290
CHEMBL539697,291
CHEMBL93,292
CHEMBL1201336,293
CHEMBL1201583,294
CHEMBL1411979,295
CHEMBL1428,296
CHEMBL1535,297
CHEMBL169901,298
CHEMBL1742982,299
CHEMBL2105720,300
CHEMBL2110725,301
CHEMBL2362016,302
CHEMBL276832,303
CHEMBL301265,304
CHEMBL3545363,305
CHEMBL412873,306
CHEMBL56367,307
CHEMBL567597,308
CHEMBL584,309
CHEMBL594,310
CHEMBL599,311
CHEMBL6622,312
CHEMBL71595,313
CHEMBL836,314
CHEMBL965,315
CHEMBL1141,316
CHEMBL1173655,317
CHEMBL1201293,318
CHEMBL1201824,319
CHEMBL1349,320
CHEMBL1377,321
CHEMBL1429,322
CHEMBL157138,323
CHEMBL2178422,324
CHEMBL3187365,325
CHEMBL473,326
CHEMBL582,327
CHEMBL595,328
CHEMBL856,329
CHEMBL1201201,330
CHEMBL1201346,331
CHEMBL1201577,332
CHEMBL13,333
CHEMBL1561,334
CHEMBL162036,335
CHEMBL1644695,336
CHEMBL1655,337
CHEMBL1742994,338
CHEMBL1749,339
CHEMBL227875,340
CHEMBL235668,341
CHEMBL461101,342
CHEMBL471,343
CHEMBL477,344
CHEMBL967,345
CHEMBL1200929,346
CHEMBL1201313,347
CHEMBL1201342,348
CHEMBL1201587,349
CHEMBL1430,350
CHEMBL1491,351
CHEMBL1566,352
CHEMBL1609,353
CHEMBL1730,354
CHEMBL1743062,355
CHEMBL181,356
CHEMBL2095212,357
CHEMBL2103830,358
CHEMBL2103870,359
CHEMBL2108546,360
CHEMBL278172,361
CHEMBL408,362
CHEMBL429910,363
CHEMBL501122,364
CHEMBL779,365
CHEMBL1108,366
CHEMBL1164729,367
CHEMBL1200359,368
CHEMBL1201505,369
CHEMBL1368,370
CHEMBL1413,371
CHEMBL1475,372
CHEMBL1589,373
CHEMBL1623992,374
CHEMBL1697851,375
CHEMBL174,376
CHEMBL1742423,377
CHEMBL1983268,378
CHEMBL2028019,379
CHEMBL2043437,380
CHEMBL206253,381
CHEMBL2097081,382
CHEMBL2108728,383
CHEMBL218650,384
CHEMBL249837,385
CHEMBL3414621,386
CHEMBL3545057,387
CHEMBL3545367,388
CHEMBL820,389
CHEMBL866,390
CHEMBL92,391
CHEMBL1024,392
CHEMBL1471,393
CHEMBL2105695,394
CHEMBL2105759,395
CHEMBL2108709,396
CHEMBL2220442,397
CHEMBL301267,398
CHEMBL376488,399
CHEMBL455186,400
CHEMBL473159,401
CHEMBL493982,402
CHEMBL516,403
CHEMBL621,404
CHEMBL669,405
CHEMBL84,406
CHEMBL895,407
CHEMBL923,408
CHEMBL1201420,409
CHEMBL1201464,410
CHEMBL1201594,411
CHEMBL1213351,412
CHEMBL1743079,413
CHEMBL2108681,414
CHEMBL2109027,415
CHEMBL243712,416
CHEMBL262777,417
CHEMBL414804,418
CHEMBL416956,419
CHEMBL424,420
CHEMBL476,421
CHEMBL49080,422
CHEMBL511,423
CHEMBL554,424
CHEMBL561,425
CHEMBL625,426
CHEMBL70246,427
CHEMBL766,428
CHEMBL777,429
CHEMBL885,430
CHEMBL926,431
CHEMBL997,432
CHEMBL1004,433
CHEMBL1118,434
CHEMBL12,435
CHEMBL1201010,436
CHEMBL1201237,437
CHEMBL1282,438
CHEMBL1465,439
CHEMBL175,440
CHEMBL267345,441
CHEMBL3833393,442
CHEMBL506,443
CHEMBL529888,444
CHEMBL589,445
CHEMBL607,446
CHEMBL714,447
CHEMBL72,448
CHEMBL887,449
CHEMBL1101,450
CHEMBL1237,451
CHEMBL12610,452
CHEMBL1382,453
CHEMBL1614,454
CHEMBL1685,455
CHEMBL1743043,456
CHEMBL19224,457
CHEMBL3137301,458
CHEMBL334966,459
CHEMBL3545062,460
CHEMBL415606,461
CHEMBL438,462
CHEMBL452,463
CHEMBL517199,464
CHEMBL631,465
CHEMBL672,466
CHEMBL797,467
CHEMBL100116,468
CHEMBL1193,469
CHEMBL1201764,470
CHEMBL1509,471
CHEMBL1650,472
CHEMBL1697843,473
CHEMBL1743029,474
CHEMBL185,475
CHEMBL220492,476
CHEMBL25,477
CHEMBL264374,478
CHEMBL29,479
CHEMBL3545311,480
CHEMBL3833405,481
CHEMBL405,482
CHEMBL408513,483
CHEMBL475534,484
CHEMBL494,485
CHEMBL1073,486
CHEMBL1187011,487
CHEMBL1194666,488
CHEMBL1200731,489
CHEMBL1201441,490
CHEMBL1201512,491
CHEMBL1222250,492
CHEMBL1237025,493
CHEMBL1412,494
CHEMBL1466,495
CHEMBL184,496
CHEMBL2007641,497
CHEMBL2104987,498
CHEMBL2105131,499
CHEMBL2107841,500
CHEMBL2109540,501
CHEMBL284906,502
CHEMBL3707232,503
CHEMBL4297364,504
CHEMBL629,505
CHEMBL707,506
CHEMBL864,507
CHEMBL894,508
CHEMBL94454,509
CHEMBL1086,510
CHEMBL1542,511
CHEMBL175247,512
CHEMBL1757,513
CHEMBL1773,514
CHEMBL1863514,515
CHEMBL2108429,516
CHEMBL2108738,517
CHEMBL251940,518
CHEMBL282724,519
CHEMBL297302,520
CHEMBL383675,521
CHEMBL389621,522
CHEMBL3989958,523
CHEMBL435,524
CHEMBL708,525
CHEMBL776,526
CHEMBL86882,527
CHEMBL1200,528
CHEMBL1201202,529
CHEMBL1201286,530
CHEMBL1201864,531
CHEMBL1237023,532
CHEMBL1237119,533
CHEMBL1241951,534
CHEMBL1323699,535
CHEMBL1353,536
CHEMBL1628227,537
CHEMBL22,538
CHEMBL28333,539
CHEMBL284348,540
CHEMBL3707208,541
CHEMBL416146,542
CHEMBL429,543
CHEMBL462605,544
CHEMBL539,545
CHEMBL651,546
CHEMBL880,547
CHEMBL92401,548
CHEMBL977,549
CHEMBL1013,550
CHEMBL1025,551
CHEMBL1174,552
CHEMBL1186579,553
CHEMBL1201251,554
CHEMBL1201515,555
CHEMBL1753,556
CHEMBL2108250,557
CHEMBL252556,558
CHEMBL285802,559
CHEMBL3813873,560
CHEMBL404849,561
CHEMBL575,562
CHEMBL632,563
CHEMBL1200633,564
CHEMBL1201168,565
CHEMBL1201195,566
CHEMBL1201212,567
CHEMBL1201630,568
CHEMBL131,569
CHEMBL1431,570
CHEMBL2108129,571
CHEMBL279516,572
CHEMBL3039502,573
CHEMBL3301581,574
CHEMBL3707328,575
CHEMBL4298209,576
CHEMBL545,577
CHEMBL573,578
CHEMBL730,579
CHEMBL772,580
CHEMBL897,581
CHEMBL1068,582
CHEMBL1200562,583
CHEMBL1265,584
CHEMBL1294,585
CHEMBL1676,586
CHEMBL170988,587
CHEMBL1908360,588
CHEMBL2108676,589
CHEMBL232201,590
CHEMBL24828,591
CHEMBL3707247,592
CHEMBL3833301,593
CHEMBL3989917,594
CHEMBL4594248,595
CHEMBL896,596
CHEMBL998,597
CHEMBL1175,598
CHEMBL1200692,599
CHEMBL1201256,600
CHEMBL1350,601
CHEMBL1434,602
CHEMBL1437,603
CHEMBL154111,604
CHEMBL160,605
CHEMBL1763,606
CHEMBL180022,607
CHEMBL207538,608
CHEMBL2104415,609
CHEMBL376897,610
CHEMBL428647,611
CHEMBL4298062,612
CHEMBL499808,613
CHEMBL530,614
CHEMBL869,615
CHEMBL927,616
CHEMBL95,617
CHEMBL116,618
CHEMBL1200989,619
CHEMBL1201203,620
CHEMBL1201572,621
CHEMBL1237022,622
CHEMBL126224,623
CHEMBL1440,624
CHEMBL1451,625
CHEMBL1574,626
CHEMBL1743070,627
CHEMBL1873475,628
CHEMBL2105224,629
CHEMBL222645,630
CHEMBL308954,631
CHEMBL3989908,632
CHEMBL3990026,633
CHEMBL4297549,634
CHEMBL501849,635
CHEMBL527,636
CHEMBL53418,637
CHEMBL1000,638
CHEMBL1201260,639
CHEMBL1201340,640
CHEMBL137,641
CHEMBL1425,642
CHEMBL14370,643
CHEMBL1514,644
CHEMBL1697838,645
CHEMBL2364648,646
CHEMBL277062,647
CHEMBL289469,648
CHEMBL3039598,649
CHEMBL3137312,650
CHEMBL350221,651
CHEMBL916,652
CHEMBL1040,653
CHEMBL108545,654
CHEMBL1146,655
CHEMBL1200959,656
CHEMBL1201129,657
CHEMBL1201320,658
CHEMBL1214124,659
CHEMBL1241,660
CHEMBL1341,661
CHEMBL2104993,662
CHEMBL2108396,663
CHEMBL349803,664
CHEMBL3707357,665
CHEMBL434200,666
CHEMBL655,667
CHEMBL787,668
CHEMBL942,669
CHEMBL1201573,670
CHEMBL1214185,671
CHEMBL1538,672
CHEMBL1697856,673
CHEMBL2063090,674
CHEMBL2105637,675
CHEMBL2107175,676
CHEMBL2108184,677
CHEMBL223228,678
CHEMBL32800,679
CHEMBL397420,680
CHEMBL550348,681
CHEMBL635,682
CHEMBL1171837,683
CHEMBL1200907,684
CHEMBL1201247,685
CHEMBL1201341,686
CHEMBL1201837,687
CHEMBL1291,688
CHEMBL1520,689
CHEMBL1541,690
CHEMBL1909079,691
CHEMBL2108675,692
CHEMBL36715,693
CHEMBL3989738,694
CHEMBL453,695
CHEMBL455,696
CHEMBL568,697
CHEMBL61006,698
CHEMBL1201319,699
CHEMBL1201629,700
CHEMBL1201752,701
CHEMBL1237024,702
CHEMBL1303,703
CHEMBL1547,704
CHEMBL1595,705
CHEMBL182,706
CHEMBL19236,707
CHEMBL2108041,708
CHEMBL231884,709
CHEMBL2364612,710
CHEMBL271227,711
CHEMBL3218576,712
CHEMBL3545123,713
CHEMBL365795,714
CHEMBL4101807,715
CHEMBL413965,716
CHEMBL522038,717
CHEMBL553025,718
CHEMBL565,719
CHEMBL796,720
CHEMBL817,721
CHEMBL92870,722
CHEMBL98,723
CHEMBL1113,724
CHEMBL1201207,725
CHEMBL1201531,726
CHEMBL1201570,727
CHEMBL1201586,728
CHEMBL1354,729
CHEMBL1447,730
CHEMBL1661,731
CHEMBL1684,732
CHEMBL189,733
CHEMBL2103872,734
CHEMBL22242,735
CHEMBL304902,736
CHEMBL406,737
CHEMBL418995,738
CHEMBL451887,739
CHEMBL525610,740
CHEMBL61593,741
CHEMBL1393,742
CHEMBL1455,743
CHEMBL1510,744
CHEMBL177,745
CHEMBL189963,746
CHEMBL2403108,747
CHEMBL302795,748
CHEMBL314437,749
CHEMBL428,750
CHEMBL514800,751
CHEMBL689,752
CHEMBL6995,753
CHEMBL1161,754
CHEMBL1200737,755
CHEMBL1201229,756
CHEMBL1224,757
CHEMBL1272,758
CHEMBL1743047,759
CHEMBL1751,760
CHEMBL2108581,761
CHEMBL2109065,762
CHEMBL2205807,763
CHEMBL222813,764
CHEMBL3989949,765
CHEMBL413,766
CHEMBL427216,767
CHEMBL4297229,768
CHEMBL4297536,769
CHEMBL4594214,770
CHEMBL508102,771
CHEMBL597,772
CHEMBL941,773
CHEMBL1014,774
CHEMBL1089318,775
CHEMBL1123,776
CHEMBL1139,777
CHEMBL1187833,778
CHEMBL1201631,779
CHEMBL1232131,780
CHEMBL1480987,781
CHEMBL1594,782
CHEMBL1755,783
CHEMBL4297620,784
CHEMBL4298110,785
CHEMBL452231,786
CHEMBL58,787
CHEMBL715,788
CHEMBL729,789
CHEMBL996,790
CHEMBL1042,791
CHEMBL1072,792
CHEMBL1112,793
CHEMBL1166,794
CHEMBL1201,795
CHEMBL1201224,796
CHEMBL1201439,797
CHEMBL1201533,798
CHEMBL1201584,799
CHEMBL170,800
CHEMBL17157,801
CHEMBL1752,802
CHEMBL2107857,803
CHEMBL2107991,804
CHEMBL2108597,805
CHEMBL3183075,806
CHEMBL3184512,807
CHEMBL35,808
CHEMBL443,809
CHEMBL488,810
CHEMBL504,811
CHEMBL600325,812
CHEMBL1082,813
CHEMBL1180725,814
CHEMBL1200686,815
CHEMBL1200862,816
CHEMBL1292,817
CHEMBL1396,818
CHEMBL1549,819
CHEMBL1587,820
CHEMBL1639,821
CHEMBL175691,822
CHEMBL2218896,823
CHEMBL2364632,824
CHEMBL3936761,825
CHEMBL409,826
CHEMBL434,827
CHEMBL480,828
CHEMBL639,829
CHEMBL717,830
CHEMBL1071,831
CHEMBL1200622,832
CHEMBL1200922,833
CHEMBL1201170,834
CHEMBL1397,835
CHEMBL1505,836
CHEMBL163,837
CHEMBL1750,838
CHEMBL2104095,839
CHEMBL3039597,840
CHEMBL3237547,841
CHEMBL34259,842
CHEMBL3989769,843
CHEMBL431,844
CHEMBL461522,845
CHEMBL807,846
CHEMBL1089221,847
CHEMBL1140,848
CHEMBL1191,849
CHEMBL1201146,850
CHEMBL1201662,851
CHEMBL1201825,852
CHEMBL1231574,853
CHEMBL1237026,854
CHEMBL1311,855
CHEMBL1389,856
CHEMBL248702,857
CHEMBL305187,858
CHEMBL3707334,859
CHEMBL3988900,860
CHEMBL446,861
CHEMBL498847,862
CHEMBL517,863
CHEMBL64195,864
CHEMBL770,865
CHEMBL829,866
CHEMBL89598,867
CHEMBL1095777,868
CHEMBL1096882,869
CHEMBL1200689,870
CHEMBL1201192,871
CHEMBL1201507,872
CHEMBL1229,873
CHEMBL15023,874
CHEMBL2048028,875
CHEMBL27,876
CHEMBL277522,877
CHEMBL3833389,878
CHEMBL614,879
CHEMBL644,880
CHEMBL73234,881
CHEMBL990,882
CHEMBL1059,883
CHEMBL1095,884
CHEMBL1109,885
CHEMBL1200645,886
CHEMBL1201199,887
CHEMBL1201335,888
CHEMBL1201561,889
CHEMBL1201593,890
CHEMBL1201610,891
CHEMBL1474889,892
CHEMBL1743068,893
CHEMBL2108200,894
CHEMBL2108201,895
CHEMBL2108535,896
CHEMBL2108730,897
CHEMBL2355051,898
CHEMBL267744,899
CHEMBL421,900
CHEMBL431770,901
CHEMBL506569,902
CHEMBL71,903
CHEMBL114,904
CHEMBL1201264,905
CHEMBL12856,906
CHEMBL1519,907
CHEMBL1689772,908
CHEMBL2028850,909
CHEMBL2105395,910
CHEMBL33,911
CHEMBL398707,912
CHEMBL3990048,913
CHEMBL4216467,914
CHEMBL465,915
CHEMBL56564,916
CHEMBL569713,917
CHEMBL692,918
CHEMBL709,919
CHEMBL1200826,920
CHEMBL1220,921
CHEMBL1256841,922
CHEMBL1359,923
CHEMBL139,924
CHEMBL1697841,925
CHEMBL2105737,926
CHEMBL291157,927
CHEMBL3306803,928
CHEMBL3833373,929
CHEMBL4204794,930
CHEMBL547,931
CHEMBL580,932
CHEMBL659,933
CHEMBL871,934
CHEMBL110458,935
CHEMBL1173055,936
CHEMBL1200979,937
CHEMBL1201772,938
CHEMBL1423,939
CHEMBL1515,940
CHEMBL1525,941
CHEMBL1560,942
CHEMBL1622,943
CHEMBL1729,944
CHEMBL1789941,945
CHEMBL1964120,946
CHEMBL2107333,947
CHEMBL2108278,948
CHEMBL2109092,949
CHEMBL2110563,950
CHEMBL3707372,951
CHEMBL521,952
CHEMBL6,953
CHEMBL603,954
CHEMBL684,955
CHEMBL1172,956
CHEMBL1194,957
CHEMBL1201236,958
CHEMBL1201325,959
CHEMBL1201608,960
CHEMBL129,961
CHEMBL1373254,962
CHEMBL1770248,963
CHEMBL2105741,964
CHEMBL2109016,965
CHEMBL2109152,966
CHEMBL373742,967
CHEMBL4297537,968
CHEMBL53,969
CHEMBL59,970
CHEMBL657,971
CHEMBL891,972
CHEMBL1177,973
CHEMBL1201314,974
CHEMBL1229517,975
CHEMBL1229908,976
CHEMBL1305,977
CHEMBL24924,978
CHEMBL3112741,979
CHEMBL3545189,980
CHEMBL37390,981
CHEMBL388590,982
CHEMBL408403,983
CHEMBL76,984
CHEMBL799,985
CHEMBL841,986
CHEMBL94081,987
CHEMBL953,988
CHEMBL1023,989
CHEMBL1201534,990
CHEMBL1201835,991
CHEMBL1370,992
CHEMBL1378,993
CHEMBL13828,994
CHEMBL1534,995
CHEMBL1604,996
CHEMBL1734,997
CHEMBL2103737,998
CHEMBL2141296,999
CHEMBL24171,1000
CHEMBL278398,1001
CHEMBL3187723,1002
CHEMBL479,1003
CHEMBL493287,1004
CHEMBL839,1005
CHEMBL106,1006
CHEMBL1079,1007
CHEMBL1200711,1008
CHEMBL1201134,1009
CHEMBL1201481,1010
CHEMBL1201668,1011
CHEMBL1201836,1012
CHEMBL125,1013
CHEMBL1614701,1014
CHEMBL1874750,1015
CHEMBL1951095,1016
CHEMBL2146161,1017
CHEMBL220491,1018
CHEMBL2359370,1019
CHEMBL277474,1020
CHEMBL3544921,1021
CHEMBL4298187,1022
CHEMBL454,1023
CHEMBL4594252,1024
CHEMBL535,1025
CHEMBL569,1026
CHEMBL700,1027
CHEMBL94394,1028
CHEMBL117785,1029
CHEMBL1201213,1030
CHEMBL1201232,1031
CHEMBL1201560,1032
CHEMBL1279,1033
CHEMBL132530,1034
CHEMBL1351,1035
CHEMBL1626223,1036
CHEMBL193,1037
CHEMBL23,1038
CHEMBL282121,1039
CHEMBL3545110,1040
CHEMBL4,1041
CHEMBL506110,1042
CHEMBL511142,1043
CHEMBL633,1044
CHEMBL86,1045
CHEMBL1201187,1046
CHEMBL1201516,1047
CHEMBL1201688,1048
CHEMBL1219,1049
CHEMBL1237072,1050
CHEMBL1422,1051
CHEMBL1621597,1052
CHEMBL1644,1053
CHEMBL1743034,1054
CHEMBL2104356,1055
CHEMBL249856,1056
CHEMBL442,1057
CHEMBL46399,1058
CHEMBL524004,1059
CHEMBL546,1060
CHEMBL73451,1061
CHEMBL94,1062
CHEMBL95889,1063
CHEMBL963,1064
CHEMBL1200539,1065
CHEMBL1201353,1066
CHEMBL1201823,1067
CHEMBL1378024,1068
CHEMBL1399,1069
CHEMBL1621,1070
CHEMBL1650559,1071
CHEMBL1743049,1072
CHEMBL19019,1073
CHEMBL19490,1074
CHEMBL2106439,1075
CHEMBL2146883,1076
CHEMBL268869,1077
CHEMBL3301612,1078
CHEMBL3991035,1079
CHEMBL404,1080
CHEMBL41355,1081
CHEMBL638,1082
CHEMBL701,1083
CHEMBL1002,1084
CHEMBL1086440,1085
CHEMBL1129,1086
CHEMBL1200661,1087
CHEMBL1201334,1088
CHEMBL1201414,1089
CHEMBL1201564,1090
CHEMBL1201830,1091
CHEMBL1237054,1092
CHEMBL130,1093
CHEMBL1760,1094
CHEMBL2107869,1095
CHEMBL2216870,1096
CHEMBL3989843,1097
CHEMBL4297503,1098
CHEMBL4297522,1099
CHEMBL4298047,1100
CHEMBL485253,1101
CHEMBL578,1102
CHEMBL790,1103
CHEMBL93645,1104
CHEMBL1200453,1105
CHEMBL1201580,1106
CHEMBL1290,1107
CHEMBL1464,1108
CHEMBL16,1109
CHEMBL1643,1110
CHEMBL1683,1111
CHEMBL2103837,1112
CHEMBL2106119,1113
CHEMBL288470,1114
CHEMBL3301669,1115
CHEMBL414357,1116
CHEMBL42,1117
CHEMBL4297852,1118
CHEMBL456,1119
CHEMBL515,1120
CHEMBL550,1121
CHEMBL723,1122
CHEMBL74632,1123
CHEMBL77622,1124
CHEMBL8,1125
CHEMBL833,1126
CHEMBL1106,1127
CHEMBL1187724,1128
CHEMBL1200799,1129
CHEMBL1229211,1130
CHEMBL1550,1131
CHEMBL17860,1132
CHEMBL189171,1133
CHEMBL2108727,1134
CHEMBL211456,1135
CHEMBL252518,1136
CHEMBL3039583,1137
CHEMBL3989977,1138
CHEMBL459324,1139
CHEMBL504760,1140
CHEMBL51,1141
CHEMBL515606,1142
CHEMBL566315,1143
CHEMBL711,1144
CHEMBL85,1145
CHEMBL1017,1146
CHEMBL111,1147
CHEMBL1111,1148
CHEMBL1200830,1149
CHEMBL1201281,1150
CHEMBL1201473,1151
CHEMBL122,1152
CHEMBL1565476,1153
CHEMBL161,1154
CHEMBL1625,1155
CHEMBL288441,1156
CHEMBL3545184,1157
CHEMBL4297528,1158
CHEMBL43,1159
CHEMBL503160,1160
CHEMBL517712,1161
CHEMBL719,1162
CHEMBL75753,1163
CHEMBL945,1164
CHEMBL1077896,1165
CHEMBL1201109,1166
CHEMBL1201270,1167
CHEMBL1201776,1168
CHEMBL1238,1169
CHEMBL1346,1170
CHEMBL1483,1171
CHEMBL16073,1172
CHEMBL1741134,1173
CHEMBL188952,1174
CHEMBL191083,1175
CHEMBL20883,1176
CHEMBL2104607,1177
CHEMBL2107834,1178
CHEMBL290916,1179
CHEMBL39736,1180
CHEMBL4297723,1181
CHEMBL495,1182
CHEMBL502,1183
CHEMBL564,1184
CHEMBL58323,1185
CHEMBL601,1186
CHEMBL83,1187
CHEMBL831,1188
CHEMBL982,1189
CHEMBL10878,1190
CHEMBL1201529,1191
CHEMBL1201571,1192
CHEMBL1201619,1193
CHEMBL1201657,1194
CHEMBL1269025,1195
CHEMBL1364,1196
CHEMBL1742990,1197
CHEMBL1863513,1198
CHEMBL190461,1199
CHEMBL205596,1200
CHEMBL2103875,1201
CHEMBL2107062,1202
CHEMBL2107886,1203
CHEMBL2111097,1204
CHEMBL219916,1205
CHEMBL3182343,1206
CHEMBL403,1207
CHEMBL427,1208
CHEMBL4297762,1209
CHEMBL531,1210
CHEMBL623,1211
CHEMBL65794,1212
CHEMBL697,1213
CHEMBL765,1214
CHEMBL970,1215
CHEMBL1094636,1216
CHEMBL1198857,1217
CHEMBL1200598,1218
CHEMBL1442422,1219
CHEMBL1489,1220
CHEMBL159,1221
CHEMBL1628502,1222
CHEMBL1743007,1223
CHEMBL2104391,1224
CHEMBL2108574,1225
CHEMBL2367706,1226
CHEMBL3039514,1227
CHEMBL3039520,1228
CHEMBL306700,1229
CHEMBL3291398,1230
CHEMBL396778,1231
CHEMBL453514,1232
CHEMBL853,1233
CHEMBL1078261,1234
CHEMBL1201568,1235
CHEMBL1201576,1236
CHEMBL1324,1237
CHEMBL1449676,1238
CHEMBL158,1239
CHEMBL1790041,1240
CHEMBL1963683,1241
CHEMBL2109334,1242
CHEMBL233406,1243
CHEMBL277100,1244
CHEMBL3833319,1245
CHEMBL428880,1246
CHEMBL585,1247
CHEMBL660,1248
CHEMBL76370,1249
CHEMBL846,1250
CHEMBL1064,1251
CHEMBL1085,1252
CHEMBL1199080,1253
CHEMBL1200412,1254
CHEMBL1200600,1255
CHEMBL1200810,1256
CHEMBL1201302,1257
CHEMBL1201891,1258
CHEMBL142703,1259
CHEMBL1664,1260
CHEMBL203266,1261
CHEMBL2105487,1262
CHEMBL2108304,1263
CHEMBL2110588,1264
CHEMBL222559,1265
CHEMBL254857,1266
CHEMBL28218,1267
CHEMBL346977,1268
CHEMBL3544926,1269
CHEMBL417,1270
CHEMBL425,1271
CHEMBL481,1272
CHEMBL513,1273
CHEMBL541,1274
CHEMBL606,1275
CHEMBL628,1276
CHEMBL760,1277
CHEMBL991,1278
CHEMBL1009,1279
CHEMBL1082407,1280
CHEMBL1200515,1281
CHEMBL1200934,1282
CHEMBL1201046,1283
CHEMBL1201287,1284
CHEMBL14376,1285
CHEMBL1460,1286
CHEMBL15870,1287
CHEMBL2103749,1288
CHEMBL2103827,1289
CHEMBL2108265,1290
CHEMBL231779,1291
CHEMBL273575,1292
CHEMBL3039507,1293
CHEMBL4297516,1294
CHEMBL54976,1295
CHEMBL602,1296
CHEMBL803,1297
CHEMBL101,1298
CHEMBL1027,1299
CHEMBL1054,1300
CHEMBL1075,1301
CHEMBL1089,1302
CHEMBL1138,1303
CHEMBL1189679,1304
CHEMBL1208,1305
CHEMBL1256786,1306
CHEMBL1257015,1307
CHEMBL1441,1308
CHEMBL1511,1309
CHEMBL2040682,1310
CHEMBL2221250,1311
CHEMBL3545432,1312
CHEMBL36,1313
CHEMBL3833401,1314
CHEMBL41,1315
CHEMBL41286,1316
CHEMBL451,1317
CHEMBL500,1318
CHEMBL529,1319
CHEMBL559,1320
CHEMBL591665,1321
CHEMBL617,1322
CHEMBL661,1323
CHEMBL695,1324
CHEMBL834,1325
CHEMBL855,1326
CHEMBL99946,1327
CHEMBL1069,1328
CHEMBL1088,1329
CHEMBL1201329,1330
CHEMBL1201566,1331
CHEMBL1322884,1332
CHEMBL1402684,1333
CHEMBL144673,1334
CHEMBL1689063,1335
CHEMBL2095208,1336
CHEMBL312448,1337
CHEMBL3317857,1338
CHEMBL3707326,1339
CHEMBL395091,1340
CHEMBL398435,1341
CHEMBL600,1342
CHEMBL642,1343
CHEMBL911,1344
CHEMBL1100,1345
CHEMBL1201112,1346
CHEMBL1457,1347
CHEMBL1463345,1348
CHEMBL1480,1349
CHEMBL1488,1350
CHEMBL154,1351
CHEMBL190,1352
CHEMBL2107825,1353
CHEMBL2108989,1354
CHEMBL2364639,1355
CHEMBL3707314,1356
CHEMBL43064,1357
CHEMBL437765,1358
CHEMBL557555,1359
CHEMBL641,1360
CHEMBL671,1361
CHEMBL905,1362
CHEMBL1090,1363
CHEMBL1096,1364
CHEMBL1201234,1365
CHEMBL1201558,1366
CHEMBL1421,1367
CHEMBL1503,1368
CHEMBL1592,1369
CHEMBL1705709,1370
CHEMBL1742992,1371
CHEMBL2105458,1372
CHEMBL225072,1373
CHEMBL503,1374
CHEMBL620,1375
CHEMBL908,1376
CHEMBL1096562,1377
CHEMBL1098659,1378
CHEMBL1165,1379
CHEMBL1201087,1380
CHEMBL1201255,1381
CHEMBL1201492,1382
CHEMBL1228,1383
CHEMBL1278,1384
CHEMBL1297,1385
CHEMBL1448,1386
CHEMBL1525826,1387
CHEMBL1738797,1388
CHEMBL2108494,1389
CHEMBL2142890,1390
CHEMBL2219425,1391
CHEMBL270190,1392
CHEMBL3622821,1393
CHEMBL411,1394
CHEMBL46,1395
CHEMBL499,1396
CHEMBL650,1397
CHEMBL726,1398
CHEMBL806,1399
CHEMBL814,1400
CHEMBL819,1401
CHEMBL842,1402
CHEMBL87992,1403
CHEMBL924,1404
CHEMBL972,1405
CHEMBL107,1406
CHEMBL113,1407
CHEMBL1148,1408
CHEMBL1163,1409
CHEMBL1200449,1410
CHEMBL1201661,1411
CHEMBL1201780,1412
CHEMBL1380,1413
CHEMBL1596,1414
CHEMBL21,1415
CHEMBL2105002,1416
CHEMBL315838,1417
CHEMBL3707313,1418
CHEMBL3833320,1419
CHEMBL398440,1420
CHEMBL404520,1421
CHEMBL4297802,1422
CHEMBL44657,1423
CHEMBL604,1424
CHEMBL648,1425
CHEMBL696,1426
CHEMBL91,1427
CHEMBL989,1428
CHEMBL103,1429
CHEMBL1183349,1430
CHEMBL1189432,1431
CHEMBL1214,1432
CHEMBL1263,1433
CHEMBL1530428,1434
CHEMBL1619528,1435
CHEMBL167150,1436
CHEMBL1795072,1437
CHEMBL186,1438
CHEMBL2105717,1439
CHEMBL2110732,1440
CHEMBL2219418,1441
CHEMBL296419,1442
CHEMBL314854,1443
CHEMBL3304485,1444
CHEMBL3545262,1445
CHEMBL4297065,1446
CHEMBL469,1447
CHEMBL505,1448
CHEMBL583,1449
CHEMBL593,1450
CHEMBL63857,1451
CHEMBL761,1452
CHEMBL878,1453
CHEMBL969,1454
CHEMBL1200558,1455
CHEMBL1200848,1456
CHEMBL1201245,1457
CHEMBL1201421,1458
CHEMBL1201865,1459
CHEMBL1252,1460
CHEMBL126,1461
CHEMBL1372950,1462
CHEMBL1502,1463
CHEMBL1625607,1464
CHEMBL253371,1465
CHEMBL254219,1466
CHEMBL3559672,1467
CHEMBL4297166,1468
CHEMBL43452,1469
CHEMBL450449,1470
CHEMBL57,1471
CHEMBL577736,1472
CHEMBL605846,1473
CHEMBL666,1474
CHEMBL686,1475
CHEMBL986,1476
CHEMBL1008,1477
CHEMBL1110,1478
CHEMBL1194325,1479
CHEMBL1200538,1480
CHEMBL1201186,1481
CHEMBL1201624,1482
CHEMBL1342,1483
CHEMBL1492500,1484
CHEMBL1501,1485
CHEMBL1747,1486
CHEMBL2105612,1487
CHEMBL2108638,1488
CHEMBL2108677,1489
CHEMBL2443262,1490
CHEMBL251634,1491
CHEMBL3833406,1492
CHEMBL415,1493
CHEMBL4298126,1494
CHEMBL483254,1495
CHEMBL607400,1496
CHEMBL1095097,1497
CHEMBL1200522,1498
CHEMBL1201496,1499
CHEMBL1201544,1500
CHEMBL1201826,1501
CHEMBL1201832,1502
CHEMBL127,1503
CHEMBL1289926,1504
CHEMBL1443,1505
CHEMBL1487,1506
CHEMBL1616951,1507
CHEMBL1668,1508
CHEMBL2218885,1509
CHEMBL221959,1510
CHEMBL254316,1511
CHEMBL296306,1512
CHEMBL315985,1513
CHEMBL361497,1514
CHEMBL3989866,1515
CHEMBL4298180,1516
CHEMBL485,1517
CHEMBL528,1518
CHEMBL533,1519
CHEMBL588,1520
CHEMBL61,1521
CHEMBL654,1522
CHEMBL810,1523
CHEMBL861,1524
CHEMBL939,1525
CHEMBL110,1526
CHEMBL1161681,1527
CHEMBL1200500,1528
CHEMBL1200666,1529
CHEMBL1201271,1530
CHEMBL1201477,1531
CHEMBL1201607,1532
CHEMBL1554,1533
CHEMBL1617,1534
CHEMBL1648,1535
CHEMBL19,1536
CHEMBL193240,1537
CHEMBL2103873,1538
CHEMBL3301675,1539
CHEMBL3304486,1540
CHEMBL344159,1541
CHEMBL3833382,1542
CHEMBL395429,1543
CHEMBL416,1544
CHEMBL444633,1545
CHEMBL487253,1546
CHEMBL509,1547
CHEMBL52440,1548
CHEMBL549,1549
CHEMBL612,1550
CHEMBL637,1551
CHEMBL9967,1552
CHEMBL1131,1553
CHEMBL118,1554
CHEMBL1201216,1555
CHEMBL1201447,1556
CHEMBL1201563,1557
CHEMBL1201834,1558
CHEMBL1330792,1559
CHEMBL1374379,1560
CHEMBL1436,1561
CHEMBL1590,1562
CHEMBL1657,1563
CHEMBL1658,1564
CHEMBL1743087,1565
CHEMBL2028663,1566
CHEMBL2108558,1567
CHEMBL231813,1568
CHEMBL269732,1569
CHEMBL290960,1570
CHEMBL3391662,1571
CHEMBL3989868,1572
CHEMBL4297185,1573
CHEMBL4297535,1574
CHEMBL46469,1575
CHEMBL507674,1576
CHEMBL90555,1577
CHEMBL914,1578
CHEMBL115,1579
CHEMBL1200572,1580
CHEMBL1206,1581
CHEMBL12713,1582
CHEMBL1373,1583
CHEMBL1453317,1584
CHEMBL1680,1585
CHEMBL26,1586
CHEMBL372795,1587
CHEMBL3990047,1588
CHEMBL416898,1589
CHEMBL422,1590
CHEMBL439849,1591
CHEMBL4594250,1592
CHEMBL490,1593
CHEMBL5,1594
CHEMBL512351,1595
CHEMBL532,1596
CHEMBL80,1597
CHEMBL1200406,1598
CHEMBL1201622,1599
CHEMBL1444,1600
CHEMBL1454,1601
CHEMBL1599,1602
CHEMBL1697733,1603
CHEMBL1742991,1604
CHEMBL1766,1605
CHEMBL196,1606
CHEMBL2095209,1607
CHEMBL2111030,1608
CHEMBL2364968,1609
CHEMBL514,1610
CHEMBL54,1611
CHEMBL590,1612
CHEMBL727,1613
CHEMBL838,1614
CHEMBL1021,1615
CHEMBL1055,1616
CHEMBL1200574,1617
CHEMBL1201438,1618
CHEMBL1522,1619
CHEMBL1762,1620
CHEMBL25105,1621
CHEMBL3127326,1622
CHEMBL317052,1623
CHEMBL32,1624
CHEMBL3544914,1625
CHEMBL386630,1626
CHEMBL400599,1627
CHEMBL4594244,1628
CHEMBL491571,1629
CHEMBL499915,1630
CHEMBL645,1631
CHEMBL75435,1632
CHEMBL1152,1633
CHEMBL1198,1634
CHEMBL1200557,1635
CHEMBL1200617,1636
CHEMBL1201567,1637
CHEMBL1201754,1638
CHEMBL1201798,1639
CHEMBL1512,1640
CHEMBL2108336,1641
CHEMBL2108446,1642
CHEMBL2303613,1643
CHEMBL278819,1644
CHEMBL3137691,1645
CHEMBL3183184,1646
CHEMBL38,1647
CHEMBL3833329,1648
CHEMBL40,1649
CHEMBL640,1650
CHEMBL922,1651
CHEMBL105,1652
CHEMBL1077,1653
CHEMBL1159650,1654
CHEMBL1201147,1655
CHEMBL1201474,1656
CHEMBL1201831,1657
CHEMBL1726,1658
CHEMBL184412,1659
CHEMBL2,1660
CHEMBL2107360,1661
CHEMBL2108791,1662
CHEMBL2354773,1663
CHEMBL325109,1664
CHEMBL3989767,1665
CHEMBL534,1666
CHEMBL6437,1667
CHEMBL647,1668
CHEMBL685,1669
CHEMBL1201613,1670
CHEMBL1201760,1671
CHEMBL1287853,1672
CHEMBL1321,1673
CHEMBL1481,1674
CHEMBL1909324,1675
CHEMBL2110948,1676
CHEMBL238804,1677
CHEMBL24072,1678
CHEMBL3991443,1679
CHEMBL44354,1680
CHEMBL698,1681
CHEMBL710,1682
CHEMBL741,1683
CHEMBL753,1684
CHEMBL930,1685
CHEMBL1020,1686
CHEMBL1136,1687
CHEMBL1200468,1688
CHEMBL1201295,1689
CHEMBL1201645,1690
CHEMBL1237044,1691
CHEMBL1257051,1692
CHEMBL1540,1693
CHEMBL167731,1694
CHEMBL18442,1695
CHEMBL1963681,1696
CHEMBL2028661,1697
CHEMBL2109624,1698
CHEMBL3137342,1699
CHEMBL340978,1700
CHEMBL4297756,1701
CHEMBL473417,1702
CHEMBL1046,1703
CHEMBL1070,1704
CHEMBL1200865,1705
CHEMBL1201116,1706
CHEMBL1201575,1707
CHEMBL1274,1708
CHEMBL1323,1709
CHEMBL1358,1710
CHEMBL1532,1711
CHEMBL1683590,1712
CHEMBL1963684,1713
CHEMBL3137309,1714
CHEMBL3137343,1715
CHEMBL316561,1716
CHEMBL3833307,1717
CHEMBL3989944,1718
CHEMBL64,1719
CHEMBL667,1720
CHEMBL781,1721
CHEMBL1144,1722
CHEMBL1201550,1723
CHEMBL1201605,1724
CHEMBL1201621,1725
CHEMBL1201649,1726
CHEMBL1201670,1727
CHEMBL1256391,1728
CHEMBL1371770,1729
CHEMBL1401,1730
CHEMBL1419,1731
CHEMBL1624126,1732
CHEMBL1650818,1733
CHEMBL1908841,1734
CHEMBL2010601,1735
CHEMBL2068884,1736
CHEMBL2107011,1737
CHEMBL2110824,1738
CHEMBL2219536,1739
CHEMBL3099695,1740
CHEMBL3353410,1741
CHEMBL46286,1742
CHEMBL467,1743
CHEMBL477772,1744
CHEMBL608533,1745
CHEMBL626,1746
CHEMBL652,1747
CHEMBL673,1748
CHEMBL768,1749
CHEMBL86715,1750
CHEMBL973,1751
CHEMBL1098,1752
CHEMBL1201182,1753
CHEMBL1201585,1754
CHEMBL1237021,1755
CHEMBL1467,1756
CHEMBL1491306,1757
CHEMBL1497,1758
CHEMBL1569487,1759
CHEMBL1623,1760
CHEMBL1670,1761
CHEMBL1743082,1762
CHEMBL2103867,1763
CHEMBL256087,1764
CHEMBL3545376,1765
CHEMBL3707331,1766
CHEMBL563,1767
CHEMBL691,1768
CHEMBL827,1769
CHEMBL877,1770
CHEMBL1200946,1771
CHEMBL1208155,1772
CHEMBL121626,1773
CHEMBL1688530,1774
CHEMBL1743010,1775
CHEMBL1756,1776
CHEMBL192,1777
CHEMBL2095222,1778
CHEMBL2107884,1779
CHEMBL374731,1780
CHEMBL447868,1781
CHEMBL4594265,1782
CHEMBL783,1783
CHEMBL108,1784
CHEMBL1200696,1785
CHEMBL1200823,1786
CHEMBL1201354,1787
CHEMBL1201431,1788
CHEMBL1201753,1789
CHEMBL1591,1790
CHEMBL1619,1791
CHEMBL1651906,1792
CHEMBL2021423,1793
CHEMBL2368925,1794
CHEMBL571,1795
CHEMBL601719,1796
CHEMBL844,1797
CHEMBL870,1798
CHEMBL980,1799
CHEMBL1083659,1800
CHEMBL1107,1801
CHEMBL1201231,1802
CHEMBL1201747,1803
CHEMBL1218,1804
CHEMBL1452696,1805
CHEMBL1754,1806
CHEMBL2103929,1807
CHEMBL3545313,1808
CHEMBL374975,1809
CHEMBL437,1810
CHEMBL484785,1811
CHEMBL502835,1812
CHEMBL572,1813
CHEMBL79,1814
CHEMBL813,1815
CHEMBL865,1816
CHEMBL90593,1817
CHEMBL964,1818
CHEMBL1159,1819
CHEMBL1183717,1820
CHEMBL1200335,1821
CHEMBL1206690,1822
CHEMBL1473,1823
CHEMBL1641,1824
CHEMBL1741,1825
CHEMBL1789843,1826
CHEMBL2221249,1827
CHEMBL2374220,1828
CHEMBL290106,1829
CHEMBL306043,1830
CHEMBL3301610,1831
CHEMBL385517,1832
CHEMBL457,1833
CHEMBL46740,1834
CHEMBL70418,1835
CHEMBL802,1836
CHEMBL830,1837
CHEMBL857,1838
CHEMBL862,1839
CHEMBL104,1840
CHEMBL1185,1841
CHEMBL1200384,1842
CHEMBL1201303,1843
CHEMBL148,1844
CHEMBL1537,1845
CHEMBL157101,1846
CHEMBL1732,1847
CHEMBL1771,1848
CHEMBL2103883,1849
CHEMBL2107885,1850
CHEMBL2108594,1851
CHEMBL2110774,1852
CHEMBL23588,1853
CHEMBL255863,1854
CHEMBL298470,1855
CHEMBL3039537,1856
CHEMBL317094,1857
CHEMBL3301800,1858
CHEMBL343448,1859
CHEMBL387675,1860
CHEMBL507870,1861
CHEMBL656,1862
CHEMBL704,1863
CHEMBL713,1864
CHEMBL1168,1865
CHEMBL1200376,1866
CHEMBL1201506,1867
CHEMBL1215,1868
CHEMBL128,1869
CHEMBL1289601,1870
CHEMBL1355,1871
CHEMBL14060,1872
CHEMBL1492,1873
CHEMBL15245,1874
CHEMBL1618102,1875
CHEMBL1888176,1876
CHEMBL2107830,1877
CHEMBL2108724,1878
CHEMBL27810,1879
CHEMBL30008,1880
CHEMBL3039545,1881
CHEMBL328560,1882
CHEMBL3544996,1883
CHEMBL564085,1884
CHEMBL932,1885
CHEMBL1094966,1886
CHEMBL1096885,1887
CHEMBL1201222,1888
CHEMBL121,1889
CHEMBL1477036,1890
CHEMBL1506,1891
CHEMBL1626,1892
CHEMBL1682,1893
CHEMBL1697737,1894
CHEMBL2105755,1895
CHEMBL2107874,1896
CHEMBL24441,1897
CHEMBL3183409,1898
CHEMBL4594284,1899
CHEMBL62193,1900
CHEMBL682,1901
CHEMBL6966,1902
CHEMBL826,1903
CHEMBL87708,1904
CHEMBL902,1905
CHEMBL1060,1906
CHEMBL109,1907
CHEMBL1159717,1908
CHEMBL1201589,1909
CHEMBL1259059,1910
CHEMBL1490,1911
CHEMBL2106794,1912
CHEMBL2108311,1913
CHEMBL2109198,1914
CHEMBL2159122,1915
CHEMBL278020,1916
CHEMBL3351077,1917
CHEMBL4297573,1918
CHEMBL441738,1919
CHEMBL566534,1920
CHEMBL716,1921
CHEMBL746,1922
CHEMBL918,1923
CHEMBL1200736,1924
CHEMBL1200909,1925
CHEMBL1201289,1926
CHEMBL1201581,1927
CHEMBL135,1928
CHEMBL1363,1929
CHEMBL1439973,1930
CHEMBL1496,1931
CHEMBL2068237,1932
CHEMBL2104445,1933
CHEMBL2108611,1934
CHEMBL2219642,1935
CHEMBL254328,1936
CHEMBL267648,1937
CHEMBL285674,1938
CHEMBL363295,1939
CHEMBL436,1940
CHEMBL459,1941
CHEMBL596,1942
CHEMBL9,1943
CHEMBL1201758,1944
CHEMBL1404,1945
CHEMBL1628385,1946
CHEMBL1789844,1947
CHEMBL191,1948
CHEMBL2048484,1949
CHEMBL2105611,1950
CHEMBL2105760,1951
CHEMBL2364608,1952
CHEMBL376140,1953
CHEMBL376359,1954
CHEMBL3990029,1955
CHEMBL403664,1956
CHEMBL439,1957
CHEMBL447629,1958
CHEMBL460287,1959
CHEMBL474579,1960
CHEMBL668,1961
CHEMBL680,1962
CHEMBL720,1963
CHEMBL811,1964
CHEMBL86304,1965
